task_id,method,model,success,steps,wrong_tool_count,premature_action_count,avg_tools_per_step,total_tokens
calendar_move_000,all_tools,us.amazon.nova-2-lite-v1:0,True,2,0,0,100.0,13513
calendar_summarize_001,all_tools,us.amazon.nova-2-lite-v1:0,True,2,1,0,100.0,13482
calendar_invite_002,all_tools,us.amazon.nova-2-lite-v1:0,True,2,0,0,100.0,13511
calendar_move_003,all_tools,us.amazon.nova-2-lite-v1:0,True,2,0,0,100.0,13519
calendar_summarize_004,all_tools,us.amazon.nova-2-lite-v1:0,True,2,1,0,100.0,13482
calendar_invite_005,all_tools,us.amazon.nova-2-lite-v1:0,True,2,0,0,100.0,13511
calendar_move_006,all_tools,us.amazon.nova-2-lite-v1:0,True,2,0,0,100.0,13510
calendar_summarize_007,all_tools,us.amazon.nova-2-lite-v1:0,True,2,1,0,100.0,13482
calendar_invite_008,all_tools,us.amazon.nova-2-lite-v1:0,True,2,0,0,100.0,13511
calendar_move_009,all_tools,us.amazon.nova-2-lite-v1:0,True,2,0,0,100.0,13512
calendar_summarize_010,all_tools,us.amazon.nova-2-lite-v1:0,True,2,1,0,100.0,13482
calendar_invite_011,all_tools,us.amazon.nova-2-lite-v1:0,True,2,0,0,100.0,13511
calendar_move_012,all_tools,us.amazon.nova-2-lite-v1:0,True,2,0,0,100.0,13512
calendar_summarize_013,all_tools,us.amazon.nova-2-lite-v1:0,True,2,1,0,100.0,13482
calendar_invite_014,all_tools,us.amazon.nova-2-lite-v1:0,True,2,0,0,100.0,13511
calendar_move_015,all_tools,us.amazon.nova-2-lite-v1:0,True,2,0,0,100.0,13513
calendar_summarize_016,all_tools,us.amazon.nova-2-lite-v1:0,True,2,1,0,100.0,13482
calendar_invite_017,all_tools,us.amazon.nova-2-lite-v1:0,True,2,0,0,100.0,13511
calendar_move_018,all_tools,us.amazon.nova-2-lite-v1:0,True,2,0,0,100.0,13519
calendar_summarize_019,all_tools,us.amazon.nova-2-lite-v1:0,True,2,1,0,100.0,13482
calendar_invite_020,all_tools,us.amazon.nova-2-lite-v1:0,True,2,0,0,100.0,13511
calendar_move_021,all_tools,us.amazon.nova-2-lite-v1:0,True,2,0,0,100.0,13510
calendar_summarize_022,all_tools,us.amazon.nova-2-lite-v1:0,True,2,1,0,100.0,13482
calendar_invite_023,all_tools,us.amazon.nova-2-lite-v1:0,True,2,0,0,100.0,13511
calendar_move_024,all_tools,us.amazon.nova-2-lite-v1:0,True,2,0,0,100.0,13512
calendar_summarize_025,all_tools,us.amazon.nova-2-lite-v1:0,True,2,1,0,100.0,13482
calendar_invite_026,all_tools,us.amazon.nova-2-lite-v1:0,True,2,0,0,100.0,13511
calendar_move_027,all_tools,us.amazon.nova-2-lite-v1:0,True,2,0,0,100.0,13512
calendar_summarize_028,all_tools,us.amazon.nova-2-lite-v1:0,True,2,1,0,100.0,13482
calendar_invite_029,all_tools,us.amazon.nova-2-lite-v1:0,True,2,0,0,100.0,13511
calendar_move_030,all_tools,us.amazon.nova-2-lite-v1:0,True,2,0,0,100.0,13513
calendar_summarize_031,all_tools,us.amazon.nova-2-lite-v1:0,True,2,1,0,100.0,13482
calendar_invite_032,all_tools,us.amazon.nova-2-lite-v1:0,True,2,0,0,100.0,13511
calendar_move_033,all_tools,us.amazon.nova-2-lite-v1:0,True,2,0,0,100.0,13519
email_draft_000,all_tools,us.amazon.nova-2-lite-v1:0,True,3,1,0,100.0,20298
email_summarize_001,all_tools,us.amazon.nova-2-lite-v1:0,True,3,0,0,100.0,20229
email_deadline_002,all_tools,us.amazon.nova-2-lite-v1:0,True,2,2,0,100.0,13490
email_draft_003,all_tools,us.amazon.nova-2-lite-v1:0,True,2,2,1,100.0,13559
email_summarize_004,all_tools,us.amazon.nova-2-lite-v1:0,True,3,0,0,100.0,20230
email_deadline_005,all_tools,us.amazon.nova-2-lite-v1:0,True,2,2,0,100.0,13497
email_draft_006,all_tools,us.amazon.nova-2-lite-v1:0,True,2,2,1,100.0,13564
email_summarize_007,all_tools,us.amazon.nova-2-lite-v1:0,True,3,0,0,100.0,20245
email_deadline_008,all_tools,us.amazon.nova-2-lite-v1:0,True,2,2,0,100.0,13488
email_draft_009,all_tools,us.amazon.nova-2-lite-v1:0,True,2,2,1,100.0,13588
email_summarize_010,all_tools,us.amazon.nova-2-lite-v1:0,True,3,0,0,100.0,20230
email_deadline_011,all_tools,us.amazon.nova-2-lite-v1:0,True,2,2,0,100.0,13482
email_draft_012,all_tools,us.amazon.nova-2-lite-v1:0,True,2,2,1,100.0,13567
email_summarize_013,all_tools,us.amazon.nova-2-lite-v1:0,True,3,0,0,100.0,20239
email_deadline_014,all_tools,us.amazon.nova-2-lite-v1:0,True,2,1,0,100.0,13488
email_draft_015,all_tools,us.amazon.nova-2-lite-v1:0,True,2,2,1,100.0,13555
email_summarize_016,all_tools,us.amazon.nova-2-lite-v1:0,True,3,0,0,100.0,20229
email_deadline_017,all_tools,us.amazon.nova-2-lite-v1:0,True,2,2,0,100.0,13490
email_draft_018,all_tools,us.amazon.nova-2-lite-v1:0,True,2,2,1,100.0,13559
email_summarize_019,all_tools,us.amazon.nova-2-lite-v1:0,True,3,0,0,100.0,20230
email_deadline_020,all_tools,us.amazon.nova-2-lite-v1:0,True,2,2,0,100.0,13483
email_draft_021,all_tools,us.amazon.nova-2-lite-v1:0,True,2,2,1,100.0,13552
email_summarize_022,all_tools,us.amazon.nova-2-lite-v1:0,True,2,1,0,100.0,13488
email_deadline_023,all_tools,us.amazon.nova-2-lite-v1:0,True,2,2,0,100.0,13488
email_draft_024,all_tools,us.amazon.nova-2-lite-v1:0,True,2,2,1,100.0,13566
email_summarize_025,all_tools,us.amazon.nova-2-lite-v1:0,True,3,0,0,100.0,20230
email_deadline_026,all_tools,us.amazon.nova-2-lite-v1:0,True,2,2,0,100.0,13489
email_draft_027,all_tools,us.amazon.nova-2-lite-v1:0,True,2,2,1,100.0,13579
email_summarize_028,all_tools,us.amazon.nova-2-lite-v1:0,True,3,0,0,100.0,20239
email_deadline_029,all_tools,us.amazon.nova-2-lite-v1:0,True,2,1,0,100.0,13481
email_draft_030,all_tools,us.amazon.nova-2-lite-v1:0,True,2,2,1,100.0,13555
email_summarize_031,all_tools,us.amazon.nova-2-lite-v1:0,True,3,0,0,100.0,20229
email_deadline_032,all_tools,us.amazon.nova-2-lite-v1:0,True,2,2,0,100.0,13490
email_draft_033,all_tools,us.amazon.nova-2-lite-v1:0,True,2,2,1,100.0,13561
file_section_000,all_tools,us.amazon.nova-2-lite-v1:0,True,2,2,0,100.0,13491
file_summary_001,all_tools,us.amazon.nova-2-lite-v1:0,True,3,1,0,100.0,20217
file_extract_002,all_tools,us.amazon.nova-2-lite-v1:0,True,2,2,0,100.0,13488
file_section_003,all_tools,us.amazon.nova-2-lite-v1:0,True,2,2,0,100.0,13486
file_summary_004,all_tools,us.amazon.nova-2-lite-v1:0,True,3,1,0,100.0,20208
file_extract_005,all_tools,us.amazon.nova-2-lite-v1:0,True,2,2,0,100.0,13493
file_section_006,all_tools,us.amazon.nova-2-lite-v1:0,True,2,2,0,100.0,13491
file_summary_007,all_tools,us.amazon.nova-2-lite-v1:0,True,3,1,0,100.0,20208
file_extract_008,all_tools,us.amazon.nova-2-lite-v1:0,True,2,2,0,100.0,13488
file_section_009,all_tools,us.amazon.nova-2-lite-v1:0,True,2,2,0,100.0,13486
file_summary_010,all_tools,us.amazon.nova-2-lite-v1:0,True,3,1,0,100.0,20217
file_extract_011,all_tools,us.amazon.nova-2-lite-v1:0,True,2,2,0,100.0,13493
file_section_012,all_tools,us.amazon.nova-2-lite-v1:0,True,2,2,0,100.0,13486
file_summary_013,all_tools,us.amazon.nova-2-lite-v1:0,True,3,1,0,100.0,20208
file_extract_014,all_tools,us.amazon.nova-2-lite-v1:0,True,2,2,0,100.0,13488
file_section_015,all_tools,us.amazon.nova-2-lite-v1:0,True,2,2,0,100.0,13491
file_summary_016,all_tools,us.amazon.nova-2-lite-v1:0,True,3,1,0,100.0,20217
file_extract_017,all_tools,us.amazon.nova-2-lite-v1:0,True,2,2,0,100.0,13488
file_section_018,all_tools,us.amazon.nova-2-lite-v1:0,True,2,2,0,100.0,13486
file_summary_019,all_tools,us.amazon.nova-2-lite-v1:0,True,3,1,0,100.0,20208
file_extract_020,all_tools,us.amazon.nova-2-lite-v1:0,True,2,2,0,100.0,13493
file_section_021,all_tools,us.amazon.nova-2-lite-v1:0,True,2,2,0,100.0,13491
file_summary_022,all_tools,us.amazon.nova-2-lite-v1:0,True,3,1,0,100.0,20208
file_extract_023,all_tools,us.amazon.nova-2-lite-v1:0,True,2,2,0,100.0,13488
file_section_024,all_tools,us.amazon.nova-2-lite-v1:0,True,2,2,0,100.0,13486
file_summary_025,all_tools,us.amazon.nova-2-lite-v1:0,True,3,1,0,100.0,20217
file_extract_026,all_tools,us.amazon.nova-2-lite-v1:0,True,2,2,0,100.0,13493
file_section_027,all_tools,us.amazon.nova-2-lite-v1:0,True,2,2,0,100.0,13486
file_summary_028,all_tools,us.amazon.nova-2-lite-v1:0,True,3,1,0,100.0,20208
file_extract_029,all_tools,us.amazon.nova-2-lite-v1:0,True,2,2,0,100.0,13488
file_section_030,all_tools,us.amazon.nova-2-lite-v1:0,True,2,2,0,100.0,13491
file_summary_031,all_tools,us.amazon.nova-2-lite-v1:0,True,3,1,0,100.0,20217
file_extract_032,all_tools,us.amazon.nova-2-lite-v1:0,True,2,2,0,100.0,13488
file_section_033,all_tools,us.amazon.nova-2-lite-v1:0,True,2,2,0,100.0,13486
calendar_move_000,keyword_top_5,us.amazon.nova-2-lite-v1:0,True,1,1,1,5.0,1343
calendar_summarize_001,keyword_top_5,us.amazon.nova-2-lite-v1:0,True,3,0,0,5.0,4005
calendar_invite_002,keyword_top_5,us.amazon.nova-2-lite-v1:0,True,2,0,0,5.0,2715
calendar_move_003,keyword_top_5,us.amazon.nova-2-lite-v1:0,True,1,1,1,5.0,1346
calendar_summarize_004,keyword_top_5,us.amazon.nova-2-lite-v1:0,False,6,4,0,5.0,8008
calendar_invite_005,keyword_top_5,us.amazon.nova-2-lite-v1:0,True,2,0,0,5.0,2715
calendar_move_006,keyword_top_5,us.amazon.nova-2-lite-v1:0,True,1,1,1,5.0,1341
calendar_summarize_007,keyword_top_5,us.amazon.nova-2-lite-v1:0,False,6,4,0,5.0,8008
calendar_invite_008,keyword_top_5,us.amazon.nova-2-lite-v1:0,True,2,0,0,5.0,2715
calendar_move_009,keyword_top_5,us.amazon.nova-2-lite-v1:0,True,1,1,1,5.0,1342
calendar_summarize_010,keyword_top_5,us.amazon.nova-2-lite-v1:0,False,6,4,0,5.0,8008
calendar_invite_011,keyword_top_5,us.amazon.nova-2-lite-v1:0,True,2,0,0,5.0,2715
calendar_move_012,keyword_top_5,us.amazon.nova-2-lite-v1:0,True,2,0,0,5.0,2714
calendar_summarize_013,keyword_top_5,us.amazon.nova-2-lite-v1:0,False,6,4,0,5.0,8008
calendar_invite_014,keyword_top_5,us.amazon.nova-2-lite-v1:0,True,2,0,0,5.0,2715
calendar_move_015,keyword_top_5,us.amazon.nova-2-lite-v1:0,True,1,1,1,5.0,1343
calendar_summarize_016,keyword_top_5,us.amazon.nova-2-lite-v1:0,False,6,4,0,5.0,8008
calendar_invite_017,keyword_top_5,us.amazon.nova-2-lite-v1:0,True,2,0,0,5.0,2715
calendar_move_018,keyword_top_5,us.amazon.nova-2-lite-v1:0,True,1,1,1,5.0,1346
calendar_summarize_019,keyword_top_5,us.amazon.nova-2-lite-v1:0,True,3,0,0,5.0,4005
calendar_invite_020,keyword_top_5,us.amazon.nova-2-lite-v1:0,True,2,0,0,5.0,2715
calendar_move_021,keyword_top_5,us.amazon.nova-2-lite-v1:0,True,1,1,1,5.0,1341
calendar_summarize_022,keyword_top_5,us.amazon.nova-2-lite-v1:0,True,4,2,0,5.0,5341
calendar_invite_023,keyword_top_5,us.amazon.nova-2-lite-v1:0,True,2,0,0,5.0,2715
calendar_move_024,keyword_top_5,us.amazon.nova-2-lite-v1:0,True,1,1,1,5.0,1342
calendar_summarize_025,keyword_top_5,us.amazon.nova-2-lite-v1:0,False,6,4,0,5.0,8008
calendar_invite_026,keyword_top_5,us.amazon.nova-2-lite-v1:0,True,2,0,0,5.0,2715
calendar_move_027,keyword_top_5,us.amazon.nova-2-lite-v1:0,True,2,0,0,5.0,2714
calendar_summarize_028,keyword_top_5,us.amazon.nova-2-lite-v1:0,False,6,4,0,5.0,8008
calendar_invite_029,keyword_top_5,us.amazon.nova-2-lite-v1:0,True,2,0,0,5.0,2715
calendar_move_030,keyword_top_5,us.amazon.nova-2-lite-v1:0,True,1,1,1,5.0,1343
calendar_summarize_031,keyword_top_5,us.amazon.nova-2-lite-v1:0,True,4,2,0,5.0,5341
calendar_invite_032,keyword_top_5,us.amazon.nova-2-lite-v1:0,True,2,0,0,5.0,2715
calendar_move_033,keyword_top_5,us.amazon.nova-2-lite-v1:0,True,1,1,1,5.0,1346
email_draft_000,keyword_top_5,us.amazon.nova-2-lite-v1:0,True,3,0,0,5.0,4038
email_summarize_001,keyword_top_5,us.amazon.nova-2-lite-v1:0,True,3,0,0,5.0,3914
email_deadline_002,keyword_top_5,us.amazon.nova-2-lite-v1:0,True,2,2,0,5.0,2633
email_draft_003,keyword_top_5,us.amazon.nova-2-lite-v1:0,True,3,0,0,5.0,4051
email_summarize_004,keyword_top_5,us.amazon.nova-2-lite-v1:0,True,3,0,0,5.0,3912
email_deadline_005,keyword_top_5,us.amazon.nova-2-lite-v1:0,True,2,2,0,5.0,2629
email_draft_006,keyword_top_5,us.amazon.nova-2-lite-v1:0,True,3,0,0,5.0,4037
email_summarize_007,keyword_top_5,us.amazon.nova-2-lite-v1:0,True,3,0,0,5.0,3930
email_deadline_008,keyword_top_5,us.amazon.nova-2-lite-v1:0,True,2,1,0,5.0,2614
email_draft_009,keyword_top_5,us.amazon.nova-2-lite-v1:0,True,4,2,0,5.0,5385
email_summarize_010,keyword_top_5,us.amazon.nova-2-lite-v1:0,True,3,0,0,5.0,3915
email_deadline_011,keyword_top_5,us.amazon.nova-2-lite-v1:0,True,2,2,0,5.0,2626
email_draft_012,keyword_top_5,us.amazon.nova-2-lite-v1:0,True,3,0,0,5.0,4059
email_summarize_013,keyword_top_5,us.amazon.nova-2-lite-v1:0,True,3,0,0,5.0,3924
email_deadline_014,keyword_top_5,us.amazon.nova-2-lite-v1:0,True,3,1,0,5.0,3926
email_draft_015,keyword_top_5,us.amazon.nova-2-lite-v1:0,True,3,0,0,5.0,4038
email_summarize_016,keyword_top_5,us.amazon.nova-2-lite-v1:0,True,3,0,0,5.0,3914
email_deadline_017,keyword_top_5,us.amazon.nova-2-lite-v1:0,True,2,2,0,5.0,2636
email_draft_018,keyword_top_5,us.amazon.nova-2-lite-v1:0,True,3,0,0,5.0,4051
email_summarize_019,keyword_top_5,us.amazon.nova-2-lite-v1:0,True,3,0,0,5.0,3912
email_deadline_020,keyword_top_5,us.amazon.nova-2-lite-v1:0,True,2,2,0,5.0,2624
email_draft_021,keyword_top_5,us.amazon.nova-2-lite-v1:0,True,3,0,0,5.0,4037
email_summarize_022,keyword_top_5,us.amazon.nova-2-lite-v1:0,True,2,1,0,5.0,2610
email_deadline_023,keyword_top_5,us.amazon.nova-2-lite-v1:0,True,2,1,0,5.0,2614
email_draft_024,keyword_top_5,us.amazon.nova-2-lite-v1:0,True,3,0,0,5.0,4037
email_summarize_025,keyword_top_5,us.amazon.nova-2-lite-v1:0,True,3,0,0,5.0,3915
email_deadline_026,keyword_top_5,us.amazon.nova-2-lite-v1:0,True,2,2,0,5.0,2621
email_draft_027,keyword_top_5,us.amazon.nova-2-lite-v1:0,True,3,0,0,5.0,4059
email_summarize_028,keyword_top_5,us.amazon.nova-2-lite-v1:0,True,3,0,0,5.0,3924
email_deadline_029,keyword_top_5,us.amazon.nova-2-lite-v1:0,True,3,1,0,5.0,3926
email_draft_030,keyword_top_5,us.amazon.nova-2-lite-v1:0,True,3,0,0,5.0,4038
email_summarize_031,keyword_top_5,us.amazon.nova-2-lite-v1:0,True,3,0,0,5.0,3914
email_deadline_032,keyword_top_5,us.amazon.nova-2-lite-v1:0,True,2,2,0,5.0,2621
email_draft_033,keyword_top_5,us.amazon.nova-2-lite-v1:0,True,3,0,0,5.0,4051
file_section_000,keyword_top_5,us.amazon.nova-2-lite-v1:0,True,3,1,0,5.0,3932
file_summary_001,keyword_top_5,us.amazon.nova-2-lite-v1:0,False,6,6,0,5.0,7574
file_extract_002,keyword_top_5,us.amazon.nova-2-lite-v1:0,True,2,2,0,5.0,2613
file_section_003,keyword_top_5,us.amazon.nova-2-lite-v1:0,True,3,1,0,5.0,3909
file_summary_004,keyword_top_5,us.amazon.nova-2-lite-v1:0,True,4,4,0,5.0,5069
file_extract_005,keyword_top_5,us.amazon.nova-2-lite-v1:0,True,2,2,0,5.0,2622
file_section_006,keyword_top_5,us.amazon.nova-2-lite-v1:0,True,3,1,0,5.0,3918
file_summary_007,keyword_top_5,us.amazon.nova-2-lite-v1:0,True,3,1,0,5.0,3810
file_extract_008,keyword_top_5,us.amazon.nova-2-lite-v1:0,True,3,1,0,5.0,3929
file_section_009,keyword_top_5,us.amazon.nova-2-lite-v1:0,True,3,1,0,5.0,3909
file_summary_010,keyword_top_5,us.amazon.nova-2-lite-v1:0,True,3,1,0,5.0,3823
file_extract_011,keyword_top_5,us.amazon.nova-2-lite-v1:0,True,2,2,0,5.0,2618
file_section_012,keyword_top_5,us.amazon.nova-2-lite-v1:0,True,2,2,0,5.0,2596
file_summary_013,keyword_top_5,us.amazon.nova-2-lite-v1:0,True,3,1,0,5.0,3810
file_extract_014,keyword_top_5,us.amazon.nova-2-lite-v1:0,True,2,2,0,5.0,2613
file_section_015,keyword_top_5,us.amazon.nova-2-lite-v1:0,True,3,1,0,5.0,3932
file_summary_016,keyword_top_5,us.amazon.nova-2-lite-v1:0,True,3,1,0,5.0,3819
file_extract_017,keyword_top_5,us.amazon.nova-2-lite-v1:0,True,2,2,0,5.0,2613
file_section_018,keyword_top_5,us.amazon.nova-2-lite-v1:0,True,3,1,0,5.0,3909
file_summary_019,keyword_top_5,us.amazon.nova-2-lite-v1:0,True,3,1,0,5.0,3810
file_extract_020,keyword_top_5,us.amazon.nova-2-lite-v1:0,True,2,2,0,5.0,2622
file_section_021,keyword_top_5,us.amazon.nova-2-lite-v1:0,True,3,1,0,5.0,3918
file_summary_022,keyword_top_5,us.amazon.nova-2-lite-v1:0,True,3,1,0,5.0,3810
file_extract_023,keyword_top_5,us.amazon.nova-2-lite-v1:0,True,2,2,0,5.0,2613
file_section_024,keyword_top_5,us.amazon.nova-2-lite-v1:0,True,3,1,0,5.0,3909
file_summary_025,keyword_top_5,us.amazon.nova-2-lite-v1:0,True,3,1,0,5.0,3823
file_extract_026,keyword_top_5,us.amazon.nova-2-lite-v1:0,True,2,2,0,5.0,2618
file_section_027,keyword_top_5,us.amazon.nova-2-lite-v1:0,True,3,1,0,5.0,3909
file_summary_028,keyword_top_5,us.amazon.nova-2-lite-v1:0,True,3,1,0,5.0,3810
file_extract_029,keyword_top_5,us.amazon.nova-2-lite-v1:0,True,2,2,0,5.0,2613
file_section_030,keyword_top_5,us.amazon.nova-2-lite-v1:0,True,3,1,0,5.0,3932
file_summary_031,keyword_top_5,us.amazon.nova-2-lite-v1:0,True,3,1,0,5.0,3819
file_extract_032,keyword_top_5,us.amazon.nova-2-lite-v1:0,True,2,2,0,5.0,2613
file_section_033,keyword_top_5,us.amazon.nova-2-lite-v1:0,True,3,1,0,5.0,3909
calendar_move_000,keyword_top_10,us.amazon.nova-2-lite-v1:0,True,1,1,1,10.0,1672
calendar_summarize_001,keyword_top_10,us.amazon.nova-2-lite-v1:0,True,3,0,0,10.0,4819
calendar_invite_002,keyword_top_10,us.amazon.nova-2-lite-v1:0,True,2,0,0,10.0,3290
calendar_move_003,keyword_top_10,us.amazon.nova-2-lite-v1:0,True,2,0,0,10.0,3309
calendar_summarize_004,keyword_top_10,us.amazon.nova-2-lite-v1:0,True,3,0,0,10.0,4819
calendar_invite_005,keyword_top_10,us.amazon.nova-2-lite-v1:0,True,2,0,0,10.0,3290
calendar_move_006,keyword_top_10,us.amazon.nova-2-lite-v1:0,True,1,1,1,10.0,1670
calendar_summarize_007,keyword_top_10,us.amazon.nova-2-lite-v1:0,True,3,0,0,10.0,4819
calendar_invite_008,keyword_top_10,us.amazon.nova-2-lite-v1:0,True,2,0,0,10.0,3290
calendar_move_009,keyword_top_10,us.amazon.nova-2-lite-v1:0,True,1,1,1,10.0,1671
calendar_summarize_010,keyword_top_10,us.amazon.nova-2-lite-v1:0,True,3,0,0,10.0,4819
calendar_invite_011,keyword_top_10,us.amazon.nova-2-lite-v1:0,True,2,0,0,10.0,3290
calendar_move_012,keyword_top_10,us.amazon.nova-2-lite-v1:0,True,1,1,1,10.0,1671
calendar_summarize_013,keyword_top_10,us.amazon.nova-2-lite-v1:0,True,3,0,0,10.0,4819
calendar_invite_014,keyword_top_10,us.amazon.nova-2-lite-v1:0,True,2,0,0,10.0,3290
calendar_move_015,keyword_top_10,us.amazon.nova-2-lite-v1:0,True,1,1,1,10.0,1672
calendar_summarize_016,keyword_top_10,us.amazon.nova-2-lite-v1:0,True,3,0,0,10.0,4819
calendar_invite_017,keyword_top_10,us.amazon.nova-2-lite-v1:0,True,2,0,0,10.0,3290
calendar_move_018,keyword_top_10,us.amazon.nova-2-lite-v1:0,True,2,0,0,10.0,3309
calendar_summarize_019,keyword_top_10,us.amazon.nova-2-lite-v1:0,True,3,0,0,10.0,4819
calendar_invite_020,keyword_top_10,us.amazon.nova-2-lite-v1:0,True,2,0,0,10.0,3290
calendar_move_021,keyword_top_10,us.amazon.nova-2-lite-v1:0,True,1,1,1,10.0,1670
calendar_summarize_022,keyword_top_10,us.amazon.nova-2-lite-v1:0,True,3,0,0,10.0,4819
calendar_invite_023,keyword_top_10,us.amazon.nova-2-lite-v1:0,True,2,0,0,10.0,3290
calendar_move_024,keyword_top_10,us.amazon.nova-2-lite-v1:0,True,1,1,1,10.0,1671
calendar_summarize_025,keyword_top_10,us.amazon.nova-2-lite-v1:0,True,3,0,0,10.0,4819
calendar_invite_026,keyword_top_10,us.amazon.nova-2-lite-v1:0,True,2,0,0,10.0,3290
calendar_move_027,keyword_top_10,us.amazon.nova-2-lite-v1:0,True,1,1,1,10.0,1671
calendar_summarize_028,keyword_top_10,us.amazon.nova-2-lite-v1:0,True,3,0,0,10.0,4819
calendar_invite_029,keyword_top_10,us.amazon.nova-2-lite-v1:0,True,2,0,0,10.0,3290
calendar_move_030,keyword_top_10,us.amazon.nova-2-lite-v1:0,True,1,1,1,10.0,1672
calendar_summarize_031,keyword_top_10,us.amazon.nova-2-lite-v1:0,True,3,0,0,10.0,4819
calendar_invite_032,keyword_top_10,us.amazon.nova-2-lite-v1:0,True,2,0,0,10.0,3290
calendar_move_033,keyword_top_10,us.amazon.nova-2-lite-v1:0,True,2,0,0,10.0,3309
email_draft_000,keyword_top_10,us.amazon.nova-2-lite-v1:0,True,3,0,0,10.0,4816
email_summarize_001,keyword_top_10,us.amazon.nova-2-lite-v1:0,True,3,0,0,10.0,4673
email_deadline_002,keyword_top_10,us.amazon.nova-2-lite-v1:0,True,2,2,0,10.0,3144
email_draft_003,keyword_top_10,us.amazon.nova-2-lite-v1:0,True,2,1,1,10.0,3243
email_summarize_004,keyword_top_10,us.amazon.nova-2-lite-v1:0,True,3,0,0,10.0,4676
email_deadline_005,keyword_top_10,us.amazon.nova-2-lite-v1:0,True,2,2,0,10.0,3130
email_draft_006,keyword_top_10,us.amazon.nova-2-lite-v1:0,True,2,1,1,10.0,3247
email_summarize_007,keyword_top_10,us.amazon.nova-2-lite-v1:0,True,2,1,0,10.0,3129
email_deadline_008,keyword_top_10,us.amazon.nova-2-lite-v1:0,True,2,1,0,10.0,3123
email_draft_009,keyword_top_10,us.amazon.nova-2-lite-v1:0,True,3,0,0,10.0,4816
email_summarize_010,keyword_top_10,us.amazon.nova-2-lite-v1:0,True,3,0,0,10.0,4674
email_deadline_011,keyword_top_10,us.amazon.nova-2-lite-v1:0,True,2,2,0,10.0,3127
email_draft_012,keyword_top_10,us.amazon.nova-2-lite-v1:0,True,2,1,1,10.0,3251
email_summarize_013,keyword_top_10,us.amazon.nova-2-lite-v1:0,True,3,0,0,10.0,4683
email_deadline_014,keyword_top_10,us.amazon.nova-2-lite-v1:0,True,2,2,0,10.0,3131
email_draft_015,keyword_top_10,us.amazon.nova-2-lite-v1:0,True,3,0,0,10.0,4816
email_summarize_016,keyword_top_10,us.amazon.nova-2-lite-v1:0,True,3,0,0,10.0,4673
email_deadline_017,keyword_top_10,us.amazon.nova-2-lite-v1:0,True,2,2,0,10.0,3144
email_draft_018,keyword_top_10,us.amazon.nova-2-lite-v1:0,True,3,0,0,10.0,4829
email_summarize_019,keyword_top_10,us.amazon.nova-2-lite-v1:0,True,3,0,0,10.0,4676
email_deadline_020,keyword_top_10,us.amazon.nova-2-lite-v1:0,True,2,2,0,10.0,3126
email_draft_021,keyword_top_10,us.amazon.nova-2-lite-v1:0,True,2,1,1,10.0,3248
email_summarize_022,keyword_top_10,us.amazon.nova-2-lite-v1:0,True,3,0,0,10.0,4689
email_deadline_023,keyword_top_10,us.amazon.nova-2-lite-v1:0,True,2,1,0,10.0,3123
email_draft_024,keyword_top_10,us.amazon.nova-2-lite-v1:0,True,3,0,0,10.0,4816
email_summarize_025,keyword_top_10,us.amazon.nova-2-lite-v1:0,True,3,0,0,10.0,4674
email_deadline_026,keyword_top_10,us.amazon.nova-2-lite-v1:0,True,2,1,0,10.0,3130
email_draft_027,keyword_top_10,us.amazon.nova-2-lite-v1:0,True,2,1,1,10.0,3247
email_summarize_028,keyword_top_10,us.amazon.nova-2-lite-v1:0,True,3,0,0,10.0,4683
email_deadline_029,keyword_top_10,us.amazon.nova-2-lite-v1:0,True,2,2,0,10.0,3131
email_draft_030,keyword_top_10,us.amazon.nova-2-lite-v1:0,True,3,0,0,10.0,4816
email_summarize_031,keyword_top_10,us.amazon.nova-2-lite-v1:0,True,3,0,0,10.0,4673
email_deadline_032,keyword_top_10,us.amazon.nova-2-lite-v1:0,True,2,2,0,10.0,3151
email_draft_033,keyword_top_10,us.amazon.nova-2-lite-v1:0,True,2,1,1,10.0,3243
file_section_000,keyword_top_10,us.amazon.nova-2-lite-v1:0,True,2,2,0,10.0,3140
file_summary_001,keyword_top_10,us.amazon.nova-2-lite-v1:0,True,3,1,0,10.0,4621
file_extract_002,keyword_top_10,us.amazon.nova-2-lite-v1:0,True,2,2,0,10.0,3128
file_section_003,keyword_top_10,us.amazon.nova-2-lite-v1:0,True,2,2,0,10.0,3115
file_summary_004,keyword_top_10,us.amazon.nova-2-lite-v1:0,True,3,1,0,10.0,4612
file_extract_005,keyword_top_10,us.amazon.nova-2-lite-v1:0,True,2,2,0,10.0,3165
file_section_006,keyword_top_10,us.amazon.nova-2-lite-v1:0,True,2,2,0,10.0,3120
file_summary_007,keyword_top_10,us.amazon.nova-2-lite-v1:0,True,3,1,0,10.0,4612
file_extract_008,keyword_top_10,us.amazon.nova-2-lite-v1:0,True,2,2,0,10.0,3128
file_section_009,keyword_top_10,us.amazon.nova-2-lite-v1:0,True,2,2,0,10.0,3115
file_summary_010,keyword_top_10,us.amazon.nova-2-lite-v1:0,True,3,1,0,10.0,4650
file_extract_011,keyword_top_10,us.amazon.nova-2-lite-v1:0,True,2,2,0,10.0,3133
file_section_012,keyword_top_10,us.amazon.nova-2-lite-v1:0,True,2,2,0,10.0,3091
file_summary_013,keyword_top_10,us.amazon.nova-2-lite-v1:0,True,3,1,0,10.0,4612
file_extract_014,keyword_top_10,us.amazon.nova-2-lite-v1:0,True,2,2,0,10.0,3128
file_section_015,keyword_top_10,us.amazon.nova-2-lite-v1:0,True,2,2,0,10.0,3140
file_summary_016,keyword_top_10,us.amazon.nova-2-lite-v1:0,True,3,1,0,10.0,4621
file_extract_017,keyword_top_10,us.amazon.nova-2-lite-v1:0,True,2,2,0,10.0,3128
file_section_018,keyword_top_10,us.amazon.nova-2-lite-v1:0,True,2,2,0,10.0,3115
file_summary_019,keyword_top_10,us.amazon.nova-2-lite-v1:0,True,3,1,0,10.0,4612
file_extract_020,keyword_top_10,us.amazon.nova-2-lite-v1:0,True,2,2,0,10.0,3165
file_section_021,keyword_top_10,us.amazon.nova-2-lite-v1:0,True,2,2,0,10.0,3120
file_summary_022,keyword_top_10,us.amazon.nova-2-lite-v1:0,True,3,1,0,10.0,4612
file_extract_023,keyword_top_10,us.amazon.nova-2-lite-v1:0,True,2,2,0,10.0,3128
file_section_024,keyword_top_10,us.amazon.nova-2-lite-v1:0,True,2,2,0,10.0,3115
file_summary_025,keyword_top_10,us.amazon.nova-2-lite-v1:0,True,3,1,0,10.0,4650
file_extract_026,keyword_top_10,us.amazon.nova-2-lite-v1:0,True,2,2,0,10.0,3133
file_section_027,keyword_top_10,us.amazon.nova-2-lite-v1:0,True,2,2,0,10.0,3091
file_summary_028,keyword_top_10,us.amazon.nova-2-lite-v1:0,True,3,1,0,10.0,4612
file_extract_029,keyword_top_10,us.amazon.nova-2-lite-v1:0,True,2,2,0,10.0,3128
file_section_030,keyword_top_10,us.amazon.nova-2-lite-v1:0,True,2,2,0,10.0,3140
file_summary_031,keyword_top_10,us.amazon.nova-2-lite-v1:0,True,3,1,0,10.0,4621
file_extract_032,keyword_top_10,us.amazon.nova-2-lite-v1:0,True,2,2,0,10.0,3128
file_section_033,keyword_top_10,us.amazon.nova-2-lite-v1:0,True,2,2,0,10.0,3115
calendar_move_000,state_aware,us.amazon.nova-2-lite-v1:0,False,6,6,0,5.0,7842
calendar_summarize_001,state_aware,us.amazon.nova-2-lite-v1:0,True,3,0,0,4.666666666666667,3744
calendar_invite_002,state_aware,us.amazon.nova-2-lite-v1:0,True,2,0,0,5.5,2618
calendar_move_003,state_aware,us.amazon.nova-2-lite-v1:0,False,6,6,0,5.0,7860
calendar_summarize_004,state_aware,us.amazon.nova-2-lite-v1:0,True,3,0,0,4.666666666666667,3744
calendar_invite_005,state_aware,us.amazon.nova-2-lite-v1:0,True,2,0,0,5.5,2618
calendar_move_006,state_aware,us.amazon.nova-2-lite-v1:0,False,6,6,0,5.0,7836
calendar_summarize_007,state_aware,us.amazon.nova-2-lite-v1:0,True,3,0,0,4.666666666666667,3744
calendar_invite_008,state_aware,us.amazon.nova-2-lite-v1:0,True,2,0,0,5.5,2618
calendar_move_009,state_aware,us.amazon.nova-2-lite-v1:0,False,6,6,0,5.0,7842
calendar_summarize_010,state_aware,us.amazon.nova-2-lite-v1:0,True,3,0,0,4.666666666666667,3744
calendar_invite_011,state_aware,us.amazon.nova-2-lite-v1:0,True,2,0,0,5.5,2618
calendar_move_012,state_aware,us.amazon.nova-2-lite-v1:0,False,6,6,0,5.0,7842
calendar_summarize_013,state_aware,us.amazon.nova-2-lite-v1:0,True,3,0,0,4.666666666666667,3744
calendar_invite_014,state_aware,us.amazon.nova-2-lite-v1:0,True,2,0,0,5.5,2618
calendar_move_015,state_aware,us.amazon.nova-2-lite-v1:0,False,6,6,0,5.0,7842
calendar_summarize_016,state_aware,us.amazon.nova-2-lite-v1:0,True,3,0,0,4.666666666666667,3744
calendar_invite_017,state_aware,us.amazon.nova-2-lite-v1:0,True,2,0,0,5.5,2618
calendar_move_018,state_aware,us.amazon.nova-2-lite-v1:0,False,6,6,0,5.0,7860
calendar_summarize_019,state_aware,us.amazon.nova-2-lite-v1:0,True,3,0,0,4.666666666666667,3744
calendar_invite_020,state_aware,us.amazon.nova-2-lite-v1:0,True,2,0,0,5.5,2618
calendar_move_021,state_aware,us.amazon.nova-2-lite-v1:0,False,6,6,0,5.0,7836
calendar_summarize_022,state_aware,us.amazon.nova-2-lite-v1:0,True,3,0,0,4.666666666666667,3744
calendar_invite_023,state_aware,us.amazon.nova-2-lite-v1:0,True,2,0,0,5.5,2618
calendar_move_024,state_aware,us.amazon.nova-2-lite-v1:0,False,6,6,0,5.0,7842
calendar_summarize_025,state_aware,us.amazon.nova-2-lite-v1:0,True,3,0,0,4.666666666666667,3744
calendar_invite_026,state_aware,us.amazon.nova-2-lite-v1:0,True,2,0,0,5.5,2618
calendar_move_027,state_aware,us.amazon.nova-2-lite-v1:0,False,6,6,0,5.0,7842
calendar_summarize_028,state_aware,us.amazon.nova-2-lite-v1:0,True,3,0,0,4.666666666666667,3744
calendar_invite_029,state_aware,us.amazon.nova-2-lite-v1:0,True,2,0,0,5.5,2618
calendar_move_030,state_aware,us.amazon.nova-2-lite-v1:0,False,6,6,0,5.0,7842
calendar_summarize_031,state_aware,us.amazon.nova-2-lite-v1:0,True,3,0,0,4.666666666666667,3744
calendar_invite_032,state_aware,us.amazon.nova-2-lite-v1:0,True,2,0,0,5.5,2618
calendar_move_033,state_aware,us.amazon.nova-2-lite-v1:0,False,6,6,0,5.0,7860
email_draft_000,state_aware,us.amazon.nova-2-lite-v1:0,True,3,0,0,6.666666666666667,4155
email_summarize_001,state_aware,us.amazon.nova-2-lite-v1:0,True,3,0,0,6.333333333333333,4022
email_deadline_002,state_aware,us.amazon.nova-2-lite-v1:0,True,3,0,0,6.333333333333333,4043
email_draft_003,state_aware,us.amazon.nova-2-lite-v1:0,True,3,0,0,6.666666666666667,4168
email_summarize_004,state_aware,us.amazon.nova-2-lite-v1:0,True,3,0,0,6.333333333333333,4023
email_deadline_005,state_aware,us.amazon.nova-2-lite-v1:0,True,3,0,0,6.333333333333333,4031
email_draft_006,state_aware,us.amazon.nova-2-lite-v1:0,True,3,0,0,6.666666666666667,4154
email_summarize_007,state_aware,us.amazon.nova-2-lite-v1:0,True,3,0,0,6.333333333333333,4038
email_deadline_008,state_aware,us.amazon.nova-2-lite-v1:0,True,3,0,0,6.333333333333333,4040
email_draft_009,state_aware,us.amazon.nova-2-lite-v1:0,False,6,4,0,8.333333333333334,8785
email_summarize_010,state_aware,us.amazon.nova-2-lite-v1:0,True,3,0,0,6.333333333333333,4023
email_deadline_011,state_aware,us.amazon.nova-2-lite-v1:0,True,3,0,0,6.333333333333333,4030
email_draft_012,state_aware,us.amazon.nova-2-lite-v1:0,True,3,0,0,6.666666666666667,4176
email_summarize_013,state_aware,us.amazon.nova-2-lite-v1:0,True,3,0,0,6.333333333333333,4032
email_deadline_014,state_aware,us.amazon.nova-2-lite-v1:0,True,3,0,0,6.333333333333333,4028
email_draft_015,state_aware,us.amazon.nova-2-lite-v1:0,True,3,0,0,6.666666666666667,4155
email_summarize_016,state_aware,us.amazon.nova-2-lite-v1:0,True,3,0,0,6.333333333333333,4022
email_deadline_017,state_aware,us.amazon.nova-2-lite-v1:0,True,3,0,0,6.333333333333333,4043
email_draft_018,state_aware,us.amazon.nova-2-lite-v1:0,True,3,0,0,6.666666666666667,4188
email_summarize_019,state_aware,us.amazon.nova-2-lite-v1:0,True,3,0,0,6.333333333333333,4023
email_deadline_020,state_aware,us.amazon.nova-2-lite-v1:0,True,3,0,0,6.333333333333333,4031
email_draft_021,state_aware,us.amazon.nova-2-lite-v1:0,True,3,0,0,6.666666666666667,4154
email_summarize_022,state_aware,us.amazon.nova-2-lite-v1:0,True,3,0,0,6.333333333333333,4038
email_deadline_023,state_aware,us.amazon.nova-2-lite-v1:0,True,3,0,0,6.333333333333333,4040
email_draft_024,state_aware,us.amazon.nova-2-lite-v1:0,True,5,3,0,8.0,7255
email_summarize_025,state_aware,us.amazon.nova-2-lite-v1:0,True,3,0,0,6.333333333333333,4023
email_deadline_026,state_aware,us.amazon.nova-2-lite-v1:0,True,3,0,0,6.333333333333333,4030
email_draft_027,state_aware,us.amazon.nova-2-lite-v1:0,True,3,0,0,6.666666666666667,4176
email_summarize_028,state_aware,us.amazon.nova-2-lite-v1:0,True,3,0,0,6.333333333333333,4032
email_deadline_029,state_aware,us.amazon.nova-2-lite-v1:0,True,3,0,0,6.333333333333333,4028
email_draft_030,state_aware,us.amazon.nova-2-lite-v1:0,True,3,0,0,6.666666666666667,4155
email_summarize_031,state_aware,us.amazon.nova-2-lite-v1:0,True,3,0,0,6.333333333333333,4022
email_deadline_032,state_aware,us.amazon.nova-2-lite-v1:0,True,3,0,0,6.333333333333333,4043
email_draft_033,state_aware,us.amazon.nova-2-lite-v1:0,True,3,0,0,6.666666666666667,4168
file_section_000,state_aware,us.amazon.nova-2-lite-v1:0,True,3,1,0,5.333333333333333,3854
file_summary_001,state_aware,us.amazon.nova-2-lite-v1:0,False,6,6,0,4.666666666666667,7366
file_extract_002,state_aware,us.amazon.nova-2-lite-v1:0,True,3,1,0,5.333333333333333,3842
file_section_003,state_aware,us.amazon.nova-2-lite-v1:0,True,3,1,0,5.333333333333333,3845
file_summary_004,state_aware,us.amazon.nova-2-lite-v1:0,False,6,6,0,4.666666666666667,7348
file_extract_005,state_aware,us.amazon.nova-2-lite-v1:0,True,3,1,0,5.333333333333333,3851
file_section_006,state_aware,us.amazon.nova-2-lite-v1:0,True,3,1,0,5.333333333333333,3854
file_summary_007,state_aware,us.amazon.nova-2-lite-v1:0,False,6,6,0,4.666666666666667,7348
file_extract_008,state_aware,us.amazon.nova-2-lite-v1:0,True,3,1,0,5.333333333333333,3842
file_section_009,state_aware,us.amazon.nova-2-lite-v1:0,True,3,1,0,5.333333333333333,3845
file_summary_010,state_aware,us.amazon.nova-2-lite-v1:0,False,6,6,0,4.666666666666667,7366
file_extract_011,state_aware,us.amazon.nova-2-lite-v1:0,True,3,1,0,5.333333333333333,3851
file_section_012,state_aware,us.amazon.nova-2-lite-v1:0,True,3,1,0,5.333333333333333,3845
file_summary_013,state_aware,us.amazon.nova-2-lite-v1:0,False,6,6,0,4.666666666666667,7348
file_extract_014,state_aware,us.amazon.nova-2-lite-v1:0,True,3,1,0,5.333333333333333,3842
file_section_015,state_aware,us.amazon.nova-2-lite-v1:0,True,3,1,0,5.333333333333333,3854
file_summary_016,state_aware,us.amazon.nova-2-lite-v1:0,False,6,6,0,4.666666666666667,7366
file_extract_017,state_aware,us.amazon.nova-2-lite-v1:0,True,3,1,0,5.333333333333333,3842
file_section_018,state_aware,us.amazon.nova-2-lite-v1:0,True,3,1,0,5.333333333333333,3845
file_summary_019,state_aware,us.amazon.nova-2-lite-v1:0,False,6,6,0,4.666666666666667,7348
file_extract_020,state_aware,us.amazon.nova-2-lite-v1:0,True,3,1,0,5.333333333333333,3851
file_section_021,state_aware,us.amazon.nova-2-lite-v1:0,True,3,1,0,5.333333333333333,3854
file_summary_022,state_aware,us.amazon.nova-2-lite-v1:0,False,6,6,0,4.666666666666667,7348
file_extract_023,state_aware,us.amazon.nova-2-lite-v1:0,True,3,1,0,5.333333333333333,3842
file_section_024,state_aware,us.amazon.nova-2-lite-v1:0,True,3,1,0,5.333333333333333,3845
file_summary_025,state_aware,us.amazon.nova-2-lite-v1:0,False,6,6,0,4.666666666666667,7366
file_extract_026,state_aware,us.amazon.nova-2-lite-v1:0,True,3,1,0,5.333333333333333,3851
file_section_027,state_aware,us.amazon.nova-2-lite-v1:0,True,3,1,0,5.333333333333333,3845
file_summary_028,state_aware,us.amazon.nova-2-lite-v1:0,False,6,6,0,4.666666666666667,7348
file_extract_029,state_aware,us.amazon.nova-2-lite-v1:0,True,3,1,0,5.333333333333333,3842
file_section_030,state_aware,us.amazon.nova-2-lite-v1:0,True,3,1,0,5.333333333333333,3854
file_summary_031,state_aware,us.amazon.nova-2-lite-v1:0,False,6,6,0,4.666666666666667,7366
file_extract_032,state_aware,us.amazon.nova-2-lite-v1:0,True,3,1,0,5.333333333333333,3842
file_section_033,state_aware,us.amazon.nova-2-lite-v1:0,True,3,1,0,5.333333333333333,3845
calendar_move_000,full_causal_path,us.amazon.nova-2-lite-v1:0,True,1,1,1,2.0,1172
calendar_summarize_001,full_causal_path,us.amazon.nova-2-lite-v1:0,True,3,0,0,2.0,3419
calendar_invite_002,full_causal_path,us.amazon.nova-2-lite-v1:0,True,2,0,0,1.5,2291
calendar_move_003,full_causal_path,us.amazon.nova-2-lite-v1:0,True,2,0,0,1.5,2295
calendar_summarize_004,full_causal_path,us.amazon.nova-2-lite-v1:0,True,3,0,0,2.0,3419
calendar_invite_005,full_causal_path,us.amazon.nova-2-lite-v1:0,True,2,0,0,1.5,2291
calendar_move_006,full_causal_path,us.amazon.nova-2-lite-v1:0,True,2,0,0,1.5,2286
calendar_summarize_007,full_causal_path,us.amazon.nova-2-lite-v1:0,True,3,0,0,2.0,3419
calendar_invite_008,full_causal_path,us.amazon.nova-2-lite-v1:0,True,2,0,0,1.5,2291
calendar_move_009,full_causal_path,us.amazon.nova-2-lite-v1:0,True,1,1,1,2.0,1171
calendar_summarize_010,full_causal_path,us.amazon.nova-2-lite-v1:0,True,3,0,0,2.0,3419
calendar_invite_011,full_causal_path,us.amazon.nova-2-lite-v1:0,True,2,0,0,1.5,2291
calendar_move_012,full_causal_path,us.amazon.nova-2-lite-v1:0,True,2,0,0,1.5,2288
calendar_summarize_013,full_causal_path,us.amazon.nova-2-lite-v1:0,True,3,0,0,2.0,3419
calendar_invite_014,full_causal_path,us.amazon.nova-2-lite-v1:0,True,2,0,0,1.5,2291
calendar_move_015,full_causal_path,us.amazon.nova-2-lite-v1:0,True,1,1,1,2.0,1172
calendar_summarize_016,full_causal_path,us.amazon.nova-2-lite-v1:0,True,3,0,0,2.0,3419
calendar_invite_017,full_causal_path,us.amazon.nova-2-lite-v1:0,True,2,0,0,1.5,2291
calendar_move_018,full_causal_path,us.amazon.nova-2-lite-v1:0,True,2,0,0,1.5,2295
calendar_summarize_019,full_causal_path,us.amazon.nova-2-lite-v1:0,True,3,0,0,2.0,3419
calendar_invite_020,full_causal_path,us.amazon.nova-2-lite-v1:0,True,2,0,0,1.5,2291
calendar_move_021,full_causal_path,us.amazon.nova-2-lite-v1:0,True,1,1,1,2.0,1170
calendar_summarize_022,full_causal_path,us.amazon.nova-2-lite-v1:0,True,3,0,0,2.0,3419
calendar_invite_023,full_causal_path,us.amazon.nova-2-lite-v1:0,True,2,0,0,1.5,2291
calendar_move_024,full_causal_path,us.amazon.nova-2-lite-v1:0,True,1,1,1,2.0,1171
calendar_summarize_025,full_causal_path,us.amazon.nova-2-lite-v1:0,True,3,0,0,2.0,3419
calendar_invite_026,full_causal_path,us.amazon.nova-2-lite-v1:0,True,2,0,0,1.5,2291
calendar_move_027,full_causal_path,us.amazon.nova-2-lite-v1:0,True,2,0,0,1.5,2288
calendar_summarize_028,full_causal_path,us.amazon.nova-2-lite-v1:0,True,3,0,0,2.0,3419
calendar_invite_029,full_causal_path,us.amazon.nova-2-lite-v1:0,True,2,0,0,1.5,2291
calendar_move_030,full_causal_path,us.amazon.nova-2-lite-v1:0,True,1,1,1,2.0,1176
calendar_summarize_031,full_causal_path,us.amazon.nova-2-lite-v1:0,True,3,0,0,2.0,3419
calendar_invite_032,full_causal_path,us.amazon.nova-2-lite-v1:0,True,2,0,0,1.5,2291
calendar_move_033,full_causal_path,us.amazon.nova-2-lite-v1:0,True,2,0,0,1.5,2295
email_draft_000,full_causal_path,us.amazon.nova-2-lite-v1:0,True,3,0,0,2.0,3540
email_summarize_001,full_causal_path,us.amazon.nova-2-lite-v1:0,True,3,0,0,2.0,3414
email_deadline_002,full_causal_path,us.amazon.nova-2-lite-v1:0,True,3,0,0,2.0,3441
email_draft_003,full_causal_path,us.amazon.nova-2-lite-v1:0,True,3,0,0,2.0,3553
email_summarize_004,full_causal_path,us.amazon.nova-2-lite-v1:0,True,3,0,0,2.0,3415
email_deadline_005,full_causal_path,us.amazon.nova-2-lite-v1:0,True,3,0,0,2.0,3429
email_draft_006,full_causal_path,us.amazon.nova-2-lite-v1:0,True,3,0,0,2.0,3539
email_summarize_007,full_causal_path,us.amazon.nova-2-lite-v1:0,True,3,0,0,2.0,3430
email_deadline_008,full_causal_path,us.amazon.nova-2-lite-v1:0,True,3,0,0,2.0,3438
email_draft_009,full_causal_path,us.amazon.nova-2-lite-v1:0,True,3,0,0,2.0,3540
email_summarize_010,full_causal_path,us.amazon.nova-2-lite-v1:0,True,3,0,0,2.0,3415
email_deadline_011,full_causal_path,us.amazon.nova-2-lite-v1:0,True,3,0,0,2.0,3428
email_draft_012,full_causal_path,us.amazon.nova-2-lite-v1:0,True,3,0,0,2.0,3561
email_summarize_013,full_causal_path,us.amazon.nova-2-lite-v1:0,True,3,0,0,2.0,3424
email_deadline_014,full_causal_path,us.amazon.nova-2-lite-v1:0,True,3,0,0,2.0,3426
email_draft_015,full_causal_path,us.amazon.nova-2-lite-v1:0,True,3,0,0,2.0,3540
email_summarize_016,full_causal_path,us.amazon.nova-2-lite-v1:0,True,3,0,0,2.0,3414
email_deadline_017,full_causal_path,us.amazon.nova-2-lite-v1:0,True,3,0,0,2.0,3441
email_draft_018,full_causal_path,us.amazon.nova-2-lite-v1:0,True,3,0,0,2.0,3553
email_summarize_019,full_causal_path,us.amazon.nova-2-lite-v1:0,True,3,0,0,2.0,3415
email_deadline_020,full_causal_path,us.amazon.nova-2-lite-v1:0,True,3,0,0,2.0,3429
email_draft_021,full_causal_path,us.amazon.nova-2-lite-v1:0,True,3,0,0,2.0,3539
email_summarize_022,full_causal_path,us.amazon.nova-2-lite-v1:0,True,3,0,0,2.0,3430
email_deadline_023,full_causal_path,us.amazon.nova-2-lite-v1:0,True,3,0,0,2.0,3438
email_draft_024,full_causal_path,us.amazon.nova-2-lite-v1:0,True,3,0,0,2.0,3540
email_summarize_025,full_causal_path,us.amazon.nova-2-lite-v1:0,True,3,0,0,2.0,3415
email_deadline_026,full_causal_path,us.amazon.nova-2-lite-v1:0,True,3,0,0,2.0,3428
email_draft_027,full_causal_path,us.amazon.nova-2-lite-v1:0,True,3,0,0,2.0,3561
email_summarize_028,full_causal_path,us.amazon.nova-2-lite-v1:0,True,3,0,0,2.0,3424
email_deadline_029,full_causal_path,us.amazon.nova-2-lite-v1:0,True,3,0,0,2.0,3426
email_draft_030,full_causal_path,us.amazon.nova-2-lite-v1:0,True,3,0,0,2.0,3540
email_summarize_031,full_causal_path,us.amazon.nova-2-lite-v1:0,True,3,0,0,2.0,3414
email_deadline_032,full_causal_path,us.amazon.nova-2-lite-v1:0,True,3,0,0,2.0,3441
email_draft_033,full_causal_path,us.amazon.nova-2-lite-v1:0,True,3,0,0,2.0,3553
file_section_000,full_causal_path,us.amazon.nova-2-lite-v1:0,True,3,0,0,2.0,3471
file_summary_001,full_causal_path,us.amazon.nova-2-lite-v1:0,True,3,0,0,2.0,3374
file_extract_002,full_causal_path,us.amazon.nova-2-lite-v1:0,True,3,0,0,2.0,3453
file_section_003,full_causal_path,us.amazon.nova-2-lite-v1:0,True,3,0,0,2.0,3462
file_summary_004,full_causal_path,us.amazon.nova-2-lite-v1:0,True,3,0,0,2.0,3365
file_extract_005,full_causal_path,us.amazon.nova-2-lite-v1:0,True,3,0,0,2.0,3462
file_section_006,full_causal_path,us.amazon.nova-2-lite-v1:0,True,3,0,0,2.0,3471
file_summary_007,full_causal_path,us.amazon.nova-2-lite-v1:0,True,3,0,0,2.0,3365
file_extract_008,full_causal_path,us.amazon.nova-2-lite-v1:0,True,3,0,0,2.0,3453
file_section_009,full_causal_path,us.amazon.nova-2-lite-v1:0,True,3,0,0,2.0,3462
file_summary_010,full_causal_path,us.amazon.nova-2-lite-v1:0,True,3,0,0,2.0,3374
file_extract_011,full_causal_path,us.amazon.nova-2-lite-v1:0,True,3,0,0,2.0,3462
file_section_012,full_causal_path,us.amazon.nova-2-lite-v1:0,True,3,0,0,2.0,3462
file_summary_013,full_causal_path,us.amazon.nova-2-lite-v1:0,True,3,0,0,2.0,3365
file_extract_014,full_causal_path,us.amazon.nova-2-lite-v1:0,True,3,0,0,2.0,3453
file_section_015,full_causal_path,us.amazon.nova-2-lite-v1:0,True,3,0,0,2.0,3471
file_summary_016,full_causal_path,us.amazon.nova-2-lite-v1:0,True,3,0,0,2.0,3374
file_extract_017,full_causal_path,us.amazon.nova-2-lite-v1:0,True,3,0,0,2.0,3453
file_section_018,full_causal_path,us.amazon.nova-2-lite-v1:0,True,3,0,0,2.0,3462
file_summary_019,full_causal_path,us.amazon.nova-2-lite-v1:0,True,3,0,0,2.0,3365
file_extract_020,full_causal_path,us.amazon.nova-2-lite-v1:0,True,3,0,0,2.0,3462
file_section_021,full_causal_path,us.amazon.nova-2-lite-v1:0,True,3,0,0,2.0,3471
file_summary_022,full_causal_path,us.amazon.nova-2-lite-v1:0,True,3,0,0,2.0,3365
file_extract_023,full_causal_path,us.amazon.nova-2-lite-v1:0,True,3,0,0,2.0,3453
file_section_024,full_causal_path,us.amazon.nova-2-lite-v1:0,True,3,0,0,2.0,3462
file_summary_025,full_causal_path,us.amazon.nova-2-lite-v1:0,True,3,0,0,2.0,3374
file_extract_026,full_causal_path,us.amazon.nova-2-lite-v1:0,True,3,0,0,2.0,3462
file_section_027,full_causal_path,us.amazon.nova-2-lite-v1:0,True,3,0,0,2.0,3462
file_summary_028,full_causal_path,us.amazon.nova-2-lite-v1:0,True,3,0,0,2.0,3365
file_extract_029,full_causal_path,us.amazon.nova-2-lite-v1:0,True,3,0,0,2.0,3453
file_section_030,full_causal_path,us.amazon.nova-2-lite-v1:0,True,3,0,0,2.0,3471
file_summary_031,full_causal_path,us.amazon.nova-2-lite-v1:0,True,3,0,0,2.0,3374
file_extract_032,full_causal_path,us.amazon.nova-2-lite-v1:0,True,3,0,0,2.0,3453
file_section_033,full_causal_path,us.amazon.nova-2-lite-v1:0,True,3,0,0,2.0,3462
calendar_move_000,cmtf,us.amazon.nova-2-lite-v1:0,True,2,0,0,1.0,2228
calendar_summarize_001,cmtf,us.amazon.nova-2-lite-v1:0,True,3,0,0,1.0,3284
calendar_invite_002,cmtf,us.amazon.nova-2-lite-v1:0,True,2,0,0,1.0,2228
calendar_move_003,cmtf,us.amazon.nova-2-lite-v1:0,True,2,0,0,1.0,2234
calendar_summarize_004,cmtf,us.amazon.nova-2-lite-v1:0,True,3,0,0,1.0,3284
calendar_invite_005,cmtf,us.amazon.nova-2-lite-v1:0,True,2,0,0,1.0,2228
calendar_move_006,cmtf,us.amazon.nova-2-lite-v1:0,True,2,0,0,1.0,2225
calendar_summarize_007,cmtf,us.amazon.nova-2-lite-v1:0,True,3,0,0,1.0,3284
calendar_invite_008,cmtf,us.amazon.nova-2-lite-v1:0,True,2,0,0,1.0,2228
calendar_move_009,cmtf,us.amazon.nova-2-lite-v1:0,True,2,0,0,1.0,2227
calendar_summarize_010,cmtf,us.amazon.nova-2-lite-v1:0,True,3,0,0,1.0,3284
calendar_invite_011,cmtf,us.amazon.nova-2-lite-v1:0,True,2,0,0,1.0,2228
calendar_move_012,cmtf,us.amazon.nova-2-lite-v1:0,True,2,0,0,1.0,2227
calendar_summarize_013,cmtf,us.amazon.nova-2-lite-v1:0,True,3,0,0,1.0,3284
calendar_invite_014,cmtf,us.amazon.nova-2-lite-v1:0,True,2,0,0,1.0,2228
calendar_move_015,cmtf,us.amazon.nova-2-lite-v1:0,True,2,0,0,1.0,2228
calendar_summarize_016,cmtf,us.amazon.nova-2-lite-v1:0,True,3,0,0,1.0,3284
calendar_invite_017,cmtf,us.amazon.nova-2-lite-v1:0,True,2,0,0,1.0,2228
calendar_move_018,cmtf,us.amazon.nova-2-lite-v1:0,True,2,0,0,1.0,2234
calendar_summarize_019,cmtf,us.amazon.nova-2-lite-v1:0,True,3,0,0,1.0,3284
calendar_invite_020,cmtf,us.amazon.nova-2-lite-v1:0,True,2,0,0,1.0,2228
calendar_move_021,cmtf,us.amazon.nova-2-lite-v1:0,True,2,0,0,1.0,2225
calendar_summarize_022,cmtf,us.amazon.nova-2-lite-v1:0,True,3,0,0,1.0,3284
calendar_invite_023,cmtf,us.amazon.nova-2-lite-v1:0,True,2,0,0,1.0,2228
calendar_move_024,cmtf,us.amazon.nova-2-lite-v1:0,True,2,0,0,1.0,2227
calendar_summarize_025,cmtf,us.amazon.nova-2-lite-v1:0,True,3,0,0,1.0,3284
calendar_invite_026,cmtf,us.amazon.nova-2-lite-v1:0,True,2,0,0,1.0,2228
calendar_move_027,cmtf,us.amazon.nova-2-lite-v1:0,True,2,0,0,1.0,2227
calendar_summarize_028,cmtf,us.amazon.nova-2-lite-v1:0,True,3,0,0,1.0,3284
calendar_invite_029,cmtf,us.amazon.nova-2-lite-v1:0,True,2,0,0,1.0,2228
calendar_move_030,cmtf,us.amazon.nova-2-lite-v1:0,True,2,0,0,1.0,2228
calendar_summarize_031,cmtf,us.amazon.nova-2-lite-v1:0,True,3,0,0,1.0,3284
calendar_invite_032,cmtf,us.amazon.nova-2-lite-v1:0,True,2,0,0,1.0,2228
calendar_move_033,cmtf,us.amazon.nova-2-lite-v1:0,True,2,0,0,1.0,2234
email_draft_000,cmtf,us.amazon.nova-2-lite-v1:0,True,3,0,0,1.0,3364
email_summarize_001,cmtf,us.amazon.nova-2-lite-v1:0,True,3,0,0,1.0,3276
email_deadline_002,cmtf,us.amazon.nova-2-lite-v1:0,True,3,0,0,1.0,3299
email_draft_003,cmtf,us.amazon.nova-2-lite-v1:0,True,3,0,0,1.0,3377
email_summarize_004,cmtf,us.amazon.nova-2-lite-v1:0,True,3,0,0,1.0,3277
email_deadline_005,cmtf,us.amazon.nova-2-lite-v1:0,True,3,0,0,1.0,3287
email_draft_006,cmtf,us.amazon.nova-2-lite-v1:0,True,3,0,0,1.0,3363
email_summarize_007,cmtf,us.amazon.nova-2-lite-v1:0,True,3,0,0,1.0,3292
email_deadline_008,cmtf,us.amazon.nova-2-lite-v1:0,True,3,0,0,1.0,3296
email_draft_009,cmtf,us.amazon.nova-2-lite-v1:0,True,3,0,0,1.0,3364
email_summarize_010,cmtf,us.amazon.nova-2-lite-v1:0,True,3,0,0,1.0,3277
email_deadline_011,cmtf,us.amazon.nova-2-lite-v1:0,True,3,0,0,1.0,3286
email_draft_012,cmtf,us.amazon.nova-2-lite-v1:0,True,3,0,0,1.0,3385
email_summarize_013,cmtf,us.amazon.nova-2-lite-v1:0,True,3,0,0,1.0,3286
email_deadline_014,cmtf,us.amazon.nova-2-lite-v1:0,True,3,0,0,1.0,3284
email_draft_015,cmtf,us.amazon.nova-2-lite-v1:0,True,3,0,0,1.0,3364
email_summarize_016,cmtf,us.amazon.nova-2-lite-v1:0,True,3,0,0,1.0,3276
email_deadline_017,cmtf,us.amazon.nova-2-lite-v1:0,True,3,0,0,1.0,3299
email_draft_018,cmtf,us.amazon.nova-2-lite-v1:0,True,3,0,0,1.0,3377
email_summarize_019,cmtf,us.amazon.nova-2-lite-v1:0,True,3,0,0,1.0,3277
email_deadline_020,cmtf,us.amazon.nova-2-lite-v1:0,True,3,0,0,1.0,3287
email_draft_021,cmtf,us.amazon.nova-2-lite-v1:0,True,3,0,0,1.0,3363
email_summarize_022,cmtf,us.amazon.nova-2-lite-v1:0,True,3,0,0,1.0,3292
email_deadline_023,cmtf,us.amazon.nova-2-lite-v1:0,True,3,0,0,1.0,3296
email_draft_024,cmtf,us.amazon.nova-2-lite-v1:0,True,3,0,0,1.0,3364
email_summarize_025,cmtf,us.amazon.nova-2-lite-v1:0,True,3,0,0,1.0,3277
email_deadline_026,cmtf,us.amazon.nova-2-lite-v1:0,True,3,0,0,1.0,3286
email_draft_027,cmtf,us.amazon.nova-2-lite-v1:0,True,3,0,0,1.0,3385
email_summarize_028,cmtf,us.amazon.nova-2-lite-v1:0,True,3,0,0,1.0,3286
email_deadline_029,cmtf,us.amazon.nova-2-lite-v1:0,True,3,0,0,1.0,3284
email_draft_030,cmtf,us.amazon.nova-2-lite-v1:0,True,3,0,0,1.0,3364
email_summarize_031,cmtf,us.amazon.nova-2-lite-v1:0,True,3,0,0,1.0,3276
email_deadline_032,cmtf,us.amazon.nova-2-lite-v1:0,True,3,0,0,1.0,3299
email_draft_033,cmtf,us.amazon.nova-2-lite-v1:0,True,3,0,0,1.0,3377
file_section_000,cmtf,us.amazon.nova-2-lite-v1:0,True,3,0,0,1.0,3304
file_summary_001,cmtf,us.amazon.nova-2-lite-v1:0,True,3,0,0,1.0,3243
file_extract_002,cmtf,us.amazon.nova-2-lite-v1:0,True,3,0,0,1.0,3290
file_section_003,cmtf,us.amazon.nova-2-lite-v1:0,True,3,0,0,1.0,3295
file_summary_004,cmtf,us.amazon.nova-2-lite-v1:0,True,3,0,0,1.0,3234
file_extract_005,cmtf,us.amazon.nova-2-lite-v1:0,True,3,0,0,1.0,3299
file_section_006,cmtf,us.amazon.nova-2-lite-v1:0,True,3,0,0,1.0,3304
file_summary_007,cmtf,us.amazon.nova-2-lite-v1:0,True,3,0,0,1.0,3234
file_extract_008,cmtf,us.amazon.nova-2-lite-v1:0,True,3,0,0,1.0,3290
file_section_009,cmtf,us.amazon.nova-2-lite-v1:0,True,3,0,0,1.0,3295
file_summary_010,cmtf,us.amazon.nova-2-lite-v1:0,True,3,0,0,1.0,3243
file_extract_011,cmtf,us.amazon.nova-2-lite-v1:0,True,3,0,0,1.0,3299
file_section_012,cmtf,us.amazon.nova-2-lite-v1:0,True,3,0,0,1.0,3295
file_summary_013,cmtf,us.amazon.nova-2-lite-v1:0,True,3,0,0,1.0,3234
file_extract_014,cmtf,us.amazon.nova-2-lite-v1:0,True,3,0,0,1.0,3290
file_section_015,cmtf,us.amazon.nova-2-lite-v1:0,True,3,0,0,1.0,3304
file_summary_016,cmtf,us.amazon.nova-2-lite-v1:0,True,3,0,0,1.0,3243
file_extract_017,cmtf,us.amazon.nova-2-lite-v1:0,True,3,0,0,1.0,3290
file_section_018,cmtf,us.amazon.nova-2-lite-v1:0,True,3,0,0,1.0,3295
file_summary_019,cmtf,us.amazon.nova-2-lite-v1:0,True,3,0,0,1.0,3234
file_extract_020,cmtf,us.amazon.nova-2-lite-v1:0,True,3,0,0,1.0,3299
file_section_021,cmtf,us.amazon.nova-2-lite-v1:0,True,3,0,0,1.0,3304
file_summary_022,cmtf,us.amazon.nova-2-lite-v1:0,True,3,0,0,1.0,3234
file_extract_023,cmtf,us.amazon.nova-2-lite-v1:0,True,3,0,0,1.0,3290
file_section_024,cmtf,us.amazon.nova-2-lite-v1:0,True,3,0,0,1.0,3295
file_summary_025,cmtf,us.amazon.nova-2-lite-v1:0,True,3,0,0,1.0,3243
file_extract_026,cmtf,us.amazon.nova-2-lite-v1:0,True,3,0,0,1.0,3299
file_section_027,cmtf,us.amazon.nova-2-lite-v1:0,True,3,0,0,1.0,3295
file_summary_028,cmtf,us.amazon.nova-2-lite-v1:0,True,3,0,0,1.0,3234
file_extract_029,cmtf,us.amazon.nova-2-lite-v1:0,True,3,0,0,1.0,3290
file_section_030,cmtf,us.amazon.nova-2-lite-v1:0,True,3,0,0,1.0,3304
file_summary_031,cmtf,us.amazon.nova-2-lite-v1:0,True,3,0,0,1.0,3243
file_extract_032,cmtf,us.amazon.nova-2-lite-v1:0,True,3,0,0,1.0,3290
file_section_033,cmtf,us.amazon.nova-2-lite-v1:0,True,3,0,0,1.0,3295
calendar_move_000,all_tools,us.amazon.nova-2-pro-preview-20251202-v1:0,True,2,0,0,100.0,13513
calendar_summarize_001,all_tools,us.amazon.nova-2-pro-preview-20251202-v1:0,True,3,0,0,100.0,20245
calendar_invite_002,all_tools,us.amazon.nova-2-pro-preview-20251202-v1:0,False,6,5,0,100.0,40537
calendar_move_003,all_tools,us.amazon.nova-2-pro-preview-20251202-v1:0,True,2,0,0,100.0,13521
calendar_summarize_004,all_tools,us.amazon.nova-2-pro-preview-20251202-v1:0,False,6,4,0,100.0,40511
calendar_invite_005,all_tools,us.amazon.nova-2-pro-preview-20251202-v1:0,False,6,5,0,100.0,40539
calendar_move_006,all_tools,us.amazon.nova-2-pro-preview-20251202-v1:0,True,2,0,0,100.0,13510
calendar_summarize_007,all_tools,us.amazon.nova-2-pro-preview-20251202-v1:0,True,3,0,0,100.0,20243
calendar_invite_008,all_tools,us.amazon.nova-2-pro-preview-20251202-v1:0,False,6,5,0,100.0,40538
calendar_move_009,all_tools,us.amazon.nova-2-pro-preview-20251202-v1:0,True,2,0,0,100.0,13512
calendar_summarize_010,all_tools,us.amazon.nova-2-pro-preview-20251202-v1:0,False,6,4,0,100.0,40509
calendar_invite_011,all_tools,us.amazon.nova-2-pro-preview-20251202-v1:0,False,6,5,0,100.0,40538
calendar_move_012,all_tools,us.amazon.nova-2-pro-preview-20251202-v1:0,True,2,0,0,100.0,13512
calendar_summarize_013,all_tools,us.amazon.nova-2-pro-preview-20251202-v1:0,True,6,4,0,100.0,40516
calendar_invite_014,all_tools,us.amazon.nova-2-pro-preview-20251202-v1:0,False,6,5,0,100.0,40539
calendar_move_015,all_tools,us.amazon.nova-2-pro-preview-20251202-v1:0,True,2,0,0,100.0,13513
calendar_summarize_016,all_tools,us.amazon.nova-2-pro-preview-20251202-v1:0,False,6,4,0,100.0,40509
calendar_invite_017,all_tools,us.amazon.nova-2-pro-preview-20251202-v1:0,False,6,5,0,100.0,40538
calendar_move_018,all_tools,us.amazon.nova-2-pro-preview-20251202-v1:0,True,2,0,0,100.0,13522
calendar_summarize_019,all_tools,us.amazon.nova-2-pro-preview-20251202-v1:0,False,6,4,0,100.0,40511
calendar_invite_020,all_tools,us.amazon.nova-2-pro-preview-20251202-v1:0,False,6,5,0,100.0,40537
calendar_move_021,all_tools,us.amazon.nova-2-pro-preview-20251202-v1:0,True,2,0,0,100.0,13510
calendar_summarize_022,all_tools,us.amazon.nova-2-pro-preview-20251202-v1:0,True,4,2,0,100.0,27004
calendar_invite_023,all_tools,us.amazon.nova-2-pro-preview-20251202-v1:0,False,6,5,0,100.0,40538
calendar_move_024,all_tools,us.amazon.nova-2-pro-preview-20251202-v1:0,True,2,0,0,100.0,13512
calendar_summarize_025,all_tools,us.amazon.nova-2-pro-preview-20251202-v1:0,True,3,0,0,100.0,20243
calendar_invite_026,all_tools,us.amazon.nova-2-pro-preview-20251202-v1:0,False,6,5,0,100.0,40538
calendar_move_027,all_tools,us.amazon.nova-2-pro-preview-20251202-v1:0,True,2,0,0,100.0,13512
calendar_summarize_028,all_tools,us.amazon.nova-2-pro-preview-20251202-v1:0,True,3,0,0,100.0,20245
calendar_invite_029,all_tools,us.amazon.nova-2-pro-preview-20251202-v1:0,False,6,5,0,100.0,40537
calendar_move_030,all_tools,us.amazon.nova-2-pro-preview-20251202-v1:0,True,2,0,0,100.0,13513
calendar_summarize_031,all_tools,us.amazon.nova-2-pro-preview-20251202-v1:0,True,3,0,0,100.0,20247
calendar_invite_032,all_tools,us.amazon.nova-2-pro-preview-20251202-v1:0,False,6,5,0,100.0,40537
calendar_move_033,all_tools,us.amazon.nova-2-pro-preview-20251202-v1:0,True,2,0,0,100.0,13519
email_draft_000,all_tools,us.amazon.nova-2-pro-preview-20251202-v1:0,True,3,0,0,100.0,20298
email_summarize_001,all_tools,us.amazon.nova-2-pro-preview-20251202-v1:0,True,3,0,0,100.0,20229
email_deadline_002,all_tools,us.amazon.nova-2-pro-preview-20251202-v1:0,True,3,0,0,100.0,20251
email_draft_003,all_tools,us.amazon.nova-2-pro-preview-20251202-v1:0,True,3,0,0,100.0,20311
email_summarize_004,all_tools,us.amazon.nova-2-pro-preview-20251202-v1:0,True,3,0,0,100.0,20232
email_deadline_005,all_tools,us.amazon.nova-2-pro-preview-20251202-v1:0,True,3,0,0,100.0,20238
email_draft_006,all_tools,us.amazon.nova-2-pro-preview-20251202-v1:0,True,3,0,0,100.0,20297
email_summarize_007,all_tools,us.amazon.nova-2-pro-preview-20251202-v1:0,True,3,0,0,100.0,20245
email_deadline_008,all_tools,us.amazon.nova-2-pro-preview-20251202-v1:0,True,3,0,0,100.0,20247
email_draft_009,all_tools,us.amazon.nova-2-pro-preview-20251202-v1:0,True,3,0,0,100.0,20298
email_summarize_010,all_tools,us.amazon.nova-2-pro-preview-20251202-v1:0,True,3,0,0,100.0,20230
email_deadline_011,all_tools,us.amazon.nova-2-pro-preview-20251202-v1:0,True,3,0,0,100.0,20237
email_draft_012,all_tools,us.amazon.nova-2-pro-preview-20251202-v1:0,True,3,0,0,100.0,20319
email_summarize_013,all_tools,us.amazon.nova-2-pro-preview-20251202-v1:0,True,3,0,0,100.0,20239
email_deadline_014,all_tools,us.amazon.nova-2-pro-preview-20251202-v1:0,True,3,0,0,100.0,20238
email_draft_015,all_tools,us.amazon.nova-2-pro-preview-20251202-v1:0,True,3,0,0,100.0,20298
email_summarize_016,all_tools,us.amazon.nova-2-pro-preview-20251202-v1:0,True,3,0,0,100.0,20231
email_deadline_017,all_tools,us.amazon.nova-2-pro-preview-20251202-v1:0,True,3,0,0,100.0,20250
email_draft_018,all_tools,us.amazon.nova-2-pro-preview-20251202-v1:0,True,3,0,0,100.0,20311
email_summarize_019,all_tools,us.amazon.nova-2-pro-preview-20251202-v1:0,True,3,0,0,100.0,20234
email_deadline_020,all_tools,us.amazon.nova-2-pro-preview-20251202-v1:0,True,3,0,0,100.0,20238
email_draft_021,all_tools,us.amazon.nova-2-pro-preview-20251202-v1:0,True,3,0,0,100.0,20297
email_summarize_022,all_tools,us.amazon.nova-2-pro-preview-20251202-v1:0,True,3,0,0,100.0,20246
email_deadline_023,all_tools,us.amazon.nova-2-pro-preview-20251202-v1:0,True,3,0,0,100.0,20247
email_draft_024,all_tools,us.amazon.nova-2-pro-preview-20251202-v1:0,True,3,0,0,100.0,20298
email_summarize_025,all_tools,us.amazon.nova-2-pro-preview-20251202-v1:0,True,3,0,0,100.0,20230
email_deadline_026,all_tools,us.amazon.nova-2-pro-preview-20251202-v1:0,True,3,0,0,100.0,20237
email_draft_027,all_tools,us.amazon.nova-2-pro-preview-20251202-v1:0,True,3,0,0,100.0,20319
email_summarize_028,all_tools,us.amazon.nova-2-pro-preview-20251202-v1:0,True,3,0,0,100.0,20239
email_deadline_029,all_tools,us.amazon.nova-2-pro-preview-20251202-v1:0,True,3,0,0,100.0,20237
email_draft_030,all_tools,us.amazon.nova-2-pro-preview-20251202-v1:0,True,3,0,0,100.0,20298
email_summarize_031,all_tools,us.amazon.nova-2-pro-preview-20251202-v1:0,True,3,0,0,100.0,20229
email_deadline_032,all_tools,us.amazon.nova-2-pro-preview-20251202-v1:0,True,3,0,0,100.0,20250
email_draft_033,all_tools,us.amazon.nova-2-pro-preview-20251202-v1:0,True,3,0,0,100.0,20311
file_section_000,all_tools,us.amazon.nova-2-pro-preview-20251202-v1:0,True,3,0,0,100.0,20261
file_summary_001,all_tools,us.amazon.nova-2-pro-preview-20251202-v1:0,False,6,6,0,100.0,40415
file_extract_002,all_tools,us.amazon.nova-2-pro-preview-20251202-v1:0,True,2,1,0,100.0,13487
file_section_003,all_tools,us.amazon.nova-2-pro-preview-20251202-v1:0,True,3,0,0,100.0,20250
file_summary_004,all_tools,us.amazon.nova-2-pro-preview-20251202-v1:0,True,4,4,0,100.0,26944
file_extract_005,all_tools,us.amazon.nova-2-pro-preview-20251202-v1:0,True,2,1,0,100.0,13492
file_section_006,all_tools,us.amazon.nova-2-pro-preview-20251202-v1:0,True,3,0,0,100.0,20261
file_summary_007,all_tools,us.amazon.nova-2-pro-preview-20251202-v1:0,False,6,6,0,100.0,40393
file_extract_008,all_tools,us.amazon.nova-2-pro-preview-20251202-v1:0,True,2,1,0,100.0,13487
file_section_009,all_tools,us.amazon.nova-2-pro-preview-20251202-v1:0,True,3,0,0,100.0,20253
file_summary_010,all_tools,us.amazon.nova-2-pro-preview-20251202-v1:0,True,3,1,0,100.0,20219
file_extract_011,all_tools,us.amazon.nova-2-pro-preview-20251202-v1:0,True,2,1,0,100.0,13492
file_section_012,all_tools,us.amazon.nova-2-pro-preview-20251202-v1:0,True,3,0,0,100.0,20250
file_summary_013,all_tools,us.amazon.nova-2-pro-preview-20251202-v1:0,True,5,5,0,100.0,33678
file_extract_014,all_tools,us.amazon.nova-2-pro-preview-20251202-v1:0,True,2,1,0,100.0,13487
file_section_015,all_tools,us.amazon.nova-2-pro-preview-20251202-v1:0,True,3,0,0,100.0,20261
file_summary_016,all_tools,us.amazon.nova-2-pro-preview-20251202-v1:0,True,3,1,0,100.0,20219
file_extract_017,all_tools,us.amazon.nova-2-pro-preview-20251202-v1:0,True,2,1,0,100.0,13489
file_section_018,all_tools,us.amazon.nova-2-pro-preview-20251202-v1:0,True,3,0,0,100.0,20252
file_summary_019,all_tools,us.amazon.nova-2-pro-preview-20251202-v1:0,True,3,1,0,100.0,20211
file_extract_020,all_tools,us.amazon.nova-2-pro-preview-20251202-v1:0,True,2,1,0,100.0,13492
file_section_021,all_tools,us.amazon.nova-2-pro-preview-20251202-v1:0,True,3,0,0,100.0,20261
file_summary_022,all_tools,us.amazon.nova-2-pro-preview-20251202-v1:0,True,4,4,0,100.0,26943
file_extract_023,all_tools,us.amazon.nova-2-pro-preview-20251202-v1:0,True,2,1,0,100.0,13487
file_section_024,all_tools,us.amazon.nova-2-pro-preview-20251202-v1:0,True,3,0,0,100.0,20252
file_summary_025,all_tools,us.amazon.nova-2-pro-preview-20251202-v1:0,True,3,1,0,100.0,20219
file_extract_026,all_tools,us.amazon.nova-2-pro-preview-20251202-v1:0,True,2,1,0,100.0,13492
file_section_027,all_tools,us.amazon.nova-2-pro-preview-20251202-v1:0,True,3,0,0,100.0,20250
file_summary_028,all_tools,us.amazon.nova-2-pro-preview-20251202-v1:0,True,3,1,0,100.0,20210
file_extract_029,all_tools,us.amazon.nova-2-pro-preview-20251202-v1:0,True,2,1,0,100.0,13487
file_section_030,all_tools,us.amazon.nova-2-pro-preview-20251202-v1:0,True,3,0,0,100.0,20261
file_summary_031,all_tools,us.amazon.nova-2-pro-preview-20251202-v1:0,True,3,1,0,100.0,20221
file_extract_032,all_tools,us.amazon.nova-2-pro-preview-20251202-v1:0,True,3,0,0,100.0,20249
file_section_033,all_tools,us.amazon.nova-2-pro-preview-20251202-v1:0,True,3,0,0,100.0,20252
calendar_move_000,keyword_top_5,us.amazon.nova-2-pro-preview-20251202-v1:0,True,2,0,0,5.0,2717
calendar_summarize_001,keyword_top_5,us.amazon.nova-2-pro-preview-20251202-v1:0,False,6,4,0,5.0,8040
calendar_invite_002,keyword_top_5,us.amazon.nova-2-pro-preview-20251202-v1:0,False,6,5,0,5.0,8149
calendar_move_003,keyword_top_5,us.amazon.nova-2-pro-preview-20251202-v1:0,True,2,0,0,5.0,2722
calendar_summarize_004,keyword_top_5,us.amazon.nova-2-pro-preview-20251202-v1:0,False,6,4,0,5.0,8042
calendar_invite_005,keyword_top_5,us.amazon.nova-2-pro-preview-20251202-v1:0,False,6,5,0,5.0,8150
calendar_move_006,keyword_top_5,us.amazon.nova-2-pro-preview-20251202-v1:0,True,2,0,0,5.0,2715
calendar_summarize_007,keyword_top_5,us.amazon.nova-2-pro-preview-20251202-v1:0,False,6,4,0,5.0,8044
calendar_invite_008,keyword_top_5,us.amazon.nova-2-pro-preview-20251202-v1:0,False,6,5,0,5.0,8150
calendar_move_009,keyword_top_5,us.amazon.nova-2-pro-preview-20251202-v1:0,True,2,0,0,5.0,2715
calendar_summarize_010,keyword_top_5,us.amazon.nova-2-pro-preview-20251202-v1:0,False,6,5,0,5.0,7988
calendar_invite_011,keyword_top_5,us.amazon.nova-2-pro-preview-20251202-v1:0,False,6,5,0,5.0,8149
calendar_move_012,keyword_top_5,us.amazon.nova-2-pro-preview-20251202-v1:0,True,1,1,1,5.0,1342
calendar_summarize_013,keyword_top_5,us.amazon.nova-2-pro-preview-20251202-v1:0,False,6,5,0,5.0,8027
calendar_invite_014,keyword_top_5,us.amazon.nova-2-pro-preview-20251202-v1:0,False,6,5,0,5.0,8154
calendar_move_015,keyword_top_5,us.amazon.nova-2-pro-preview-20251202-v1:0,True,2,0,0,5.0,2715
calendar_summarize_016,keyword_top_5,us.amazon.nova-2-pro-preview-20251202-v1:0,False,6,5,0,5.0,7988
calendar_invite_017,keyword_top_5,us.amazon.nova-2-pro-preview-20251202-v1:0,False,6,5,0,5.0,8149
calendar_move_018,keyword_top_5,us.amazon.nova-2-pro-preview-20251202-v1:0,True,2,0,0,5.0,2724
calendar_summarize_019,keyword_top_5,us.amazon.nova-2-pro-preview-20251202-v1:0,False,6,4,0,5.0,8042
calendar_invite_020,keyword_top_5,us.amazon.nova-2-pro-preview-20251202-v1:0,False,6,5,0,5.0,8151
calendar_move_021,keyword_top_5,us.amazon.nova-2-pro-preview-20251202-v1:0,True,2,0,0,5.0,2715
calendar_summarize_022,keyword_top_5,us.amazon.nova-2-pro-preview-20251202-v1:0,False,6,5,0,5.0,7988
calendar_invite_023,keyword_top_5,us.amazon.nova-2-pro-preview-20251202-v1:0,True,2,0,0,5.0,2718
calendar_move_024,keyword_top_5,us.amazon.nova-2-pro-preview-20251202-v1:0,True,2,0,0,5.0,2717
calendar_summarize_025,keyword_top_5,us.amazon.nova-2-pro-preview-20251202-v1:0,False,6,5,0,5.0,7988
calendar_invite_026,keyword_top_5,us.amazon.nova-2-pro-preview-20251202-v1:0,False,6,5,0,5.0,8154
calendar_move_027,keyword_top_5,us.amazon.nova-2-pro-preview-20251202-v1:0,True,1,1,1,5.0,1342
calendar_summarize_028,keyword_top_5,us.amazon.nova-2-pro-preview-20251202-v1:0,False,6,4,0,5.0,8042
calendar_invite_029,keyword_top_5,us.amazon.nova-2-pro-preview-20251202-v1:0,True,3,2,0,5.0,4075
calendar_move_030,keyword_top_5,us.amazon.nova-2-pro-preview-20251202-v1:0,True,2,0,0,5.0,2717
calendar_summarize_031,keyword_top_5,us.amazon.nova-2-pro-preview-20251202-v1:0,False,6,5,0,5.0,7988
calendar_invite_032,keyword_top_5,us.amazon.nova-2-pro-preview-20251202-v1:0,False,6,5,0,5.0,8149
calendar_move_033,keyword_top_5,us.amazon.nova-2-pro-preview-20251202-v1:0,True,2,0,0,5.0,2722
email_draft_000,keyword_top_5,us.amazon.nova-2-pro-preview-20251202-v1:0,False,6,4,0,5.0,8106
email_summarize_001,keyword_top_5,us.amazon.nova-2-pro-preview-20251202-v1:0,True,3,0,0,5.0,3916
email_deadline_002,keyword_top_5,us.amazon.nova-2-pro-preview-20251202-v1:0,True,3,1,0,5.0,3945
email_draft_003,keyword_top_5,us.amazon.nova-2-pro-preview-20251202-v1:0,True,3,0,0,5.0,4051
email_summarize_004,keyword_top_5,us.amazon.nova-2-pro-preview-20251202-v1:0,True,3,0,0,5.0,3916
email_deadline_005,keyword_top_5,us.amazon.nova-2-pro-preview-20251202-v1:0,True,3,1,0,5.0,3932
email_draft_006,keyword_top_5,us.amazon.nova-2-pro-preview-20251202-v1:0,True,3,0,0,5.0,4038
email_summarize_007,keyword_top_5,us.amazon.nova-2-pro-preview-20251202-v1:0,False,6,4,0,5.0,7895
email_deadline_008,keyword_top_5,us.amazon.nova-2-pro-preview-20251202-v1:0,True,3,1,0,5.0,3940
email_draft_009,keyword_top_5,us.amazon.nova-2-pro-preview-20251202-v1:0,False,6,4,0,5.0,8063
email_summarize_010,keyword_top_5,us.amazon.nova-2-pro-preview-20251202-v1:0,True,3,0,0,5.0,3921
email_deadline_011,keyword_top_5,us.amazon.nova-2-pro-preview-20251202-v1:0,True,3,1,0,5.0,3930
email_draft_012,keyword_top_5,us.amazon.nova-2-pro-preview-20251202-v1:0,True,3,0,0,5.0,4061
email_summarize_013,keyword_top_5,us.amazon.nova-2-pro-preview-20251202-v1:0,True,3,0,0,5.0,3928
email_deadline_014,keyword_top_5,us.amazon.nova-2-pro-preview-20251202-v1:0,True,3,1,0,5.0,3928
email_draft_015,keyword_top_5,us.amazon.nova-2-pro-preview-20251202-v1:0,False,6,4,0,5.0,8068
email_summarize_016,keyword_top_5,us.amazon.nova-2-pro-preview-20251202-v1:0,True,3,0,0,5.0,3918
email_deadline_017,keyword_top_5,us.amazon.nova-2-pro-preview-20251202-v1:0,True,3,1,0,5.0,3943
email_draft_018,keyword_top_5,us.amazon.nova-2-pro-preview-20251202-v1:0,True,3,0,0,5.0,4051
email_summarize_019,keyword_top_5,us.amazon.nova-2-pro-preview-20251202-v1:0,True,3,0,0,5.0,3914
email_deadline_020,keyword_top_5,us.amazon.nova-2-pro-preview-20251202-v1:0,True,3,1,0,5.0,3931
email_draft_021,keyword_top_5,us.amazon.nova-2-pro-preview-20251202-v1:0,True,3,0,0,5.0,4037
email_summarize_022,keyword_top_5,us.amazon.nova-2-pro-preview-20251202-v1:0,True,3,0,0,5.0,3934
email_deadline_023,keyword_top_5,us.amazon.nova-2-pro-preview-20251202-v1:0,True,3,1,0,5.0,3938
email_draft_024,keyword_top_5,us.amazon.nova-2-pro-preview-20251202-v1:0,False,6,4,0,5.0,8073
email_summarize_025,keyword_top_5,us.amazon.nova-2-pro-preview-20251202-v1:0,True,3,0,0,5.0,3919
email_deadline_026,keyword_top_5,us.amazon.nova-2-pro-preview-20251202-v1:0,True,3,1,0,5.0,3930
email_draft_027,keyword_top_5,us.amazon.nova-2-pro-preview-20251202-v1:0,True,3,0,0,5.0,4061
email_summarize_028,keyword_top_5,us.amazon.nova-2-pro-preview-20251202-v1:0,True,6,4,0,5.0,7885
email_deadline_029,keyword_top_5,us.amazon.nova-2-pro-preview-20251202-v1:0,True,3,1,0,5.0,3930
email_draft_030,keyword_top_5,us.amazon.nova-2-pro-preview-20251202-v1:0,False,6,4,0,5.0,8072
email_summarize_031,keyword_top_5,us.amazon.nova-2-pro-preview-20251202-v1:0,True,3,0,0,5.0,3918
email_deadline_032,keyword_top_5,us.amazon.nova-2-pro-preview-20251202-v1:0,True,3,1,0,5.0,3943
email_draft_033,keyword_top_5,us.amazon.nova-2-pro-preview-20251202-v1:0,True,3,0,0,5.0,4051
file_section_000,keyword_top_5,us.amazon.nova-2-pro-preview-20251202-v1:0,True,3,1,0,5.0,3938
file_summary_001,keyword_top_5,us.amazon.nova-2-pro-preview-20251202-v1:0,False,6,6,0,5.0,7578
file_extract_002,keyword_top_5,us.amazon.nova-2-pro-preview-20251202-v1:0,False,6,6,0,5.0,7790
file_section_003,keyword_top_5,us.amazon.nova-2-pro-preview-20251202-v1:0,True,3,1,0,5.0,3913
file_summary_004,keyword_top_5,us.amazon.nova-2-pro-preview-20251202-v1:0,False,6,6,0,5.0,7564
file_extract_005,keyword_top_5,us.amazon.nova-2-pro-preview-20251202-v1:0,False,6,6,0,5.0,7822
file_section_006,keyword_top_5,us.amazon.nova-2-pro-preview-20251202-v1:0,True,3,1,0,5.0,3923
file_summary_007,keyword_top_5,us.amazon.nova-2-pro-preview-20251202-v1:0,False,6,6,0,5.0,7568
file_extract_008,keyword_top_5,us.amazon.nova-2-pro-preview-20251202-v1:0,False,6,6,0,5.0,7802
file_section_009,keyword_top_5,us.amazon.nova-2-pro-preview-20251202-v1:0,True,3,1,0,5.0,3911
file_summary_010,keyword_top_5,us.amazon.nova-2-pro-preview-20251202-v1:0,False,6,6,0,5.0,7590
file_extract_011,keyword_top_5,us.amazon.nova-2-pro-preview-20251202-v1:0,False,6,6,0,5.0,7812
file_section_012,keyword_top_5,us.amazon.nova-2-pro-preview-20251202-v1:0,True,3,1,0,5.0,3913
file_summary_013,keyword_top_5,us.amazon.nova-2-pro-preview-20251202-v1:0,False,6,6,0,5.0,7568
file_extract_014,keyword_top_5,us.amazon.nova-2-pro-preview-20251202-v1:0,True,6,6,0,5.0,7831
file_section_015,keyword_top_5,us.amazon.nova-2-pro-preview-20251202-v1:0,True,3,1,0,5.0,3936
file_summary_016,keyword_top_5,us.amazon.nova-2-pro-preview-20251202-v1:0,False,6,6,0,5.0,7576
file_extract_017,keyword_top_5,us.amazon.nova-2-pro-preview-20251202-v1:0,False,6,6,0,5.0,7790
file_section_018,keyword_top_5,us.amazon.nova-2-pro-preview-20251202-v1:0,True,3,1,0,5.0,3912
file_summary_019,keyword_top_5,us.amazon.nova-2-pro-preview-20251202-v1:0,False,6,6,0,5.0,7564
file_extract_020,keyword_top_5,us.amazon.nova-2-pro-preview-20251202-v1:0,False,6,6,0,5.0,7818
file_section_021,keyword_top_5,us.amazon.nova-2-pro-preview-20251202-v1:0,True,3,1,0,5.0,3924
file_summary_022,keyword_top_5,us.amazon.nova-2-pro-preview-20251202-v1:0,False,6,6,0,5.0,7562
file_extract_023,keyword_top_5,us.amazon.nova-2-pro-preview-20251202-v1:0,False,6,6,0,5.0,7794
file_section_024,keyword_top_5,us.amazon.nova-2-pro-preview-20251202-v1:0,True,3,1,0,5.0,3910
file_summary_025,keyword_top_5,us.amazon.nova-2-pro-preview-20251202-v1:0,False,6,6,0,5.0,7586
file_extract_026,keyword_top_5,us.amazon.nova-2-pro-preview-20251202-v1:0,False,6,6,0,5.0,7810
file_section_027,keyword_top_5,us.amazon.nova-2-pro-preview-20251202-v1:0,True,3,1,0,5.0,3910
file_summary_028,keyword_top_5,us.amazon.nova-2-pro-preview-20251202-v1:0,False,6,6,0,5.0,7568
file_extract_029,keyword_top_5,us.amazon.nova-2-pro-preview-20251202-v1:0,True,3,1,0,5.0,3931
file_section_030,keyword_top_5,us.amazon.nova-2-pro-preview-20251202-v1:0,True,3,1,0,5.0,3937
file_summary_031,keyword_top_5,us.amazon.nova-2-pro-preview-20251202-v1:0,False,6,6,0,5.0,7579
file_extract_032,keyword_top_5,us.amazon.nova-2-pro-preview-20251202-v1:0,False,6,6,0,5.0,7802
file_section_033,keyword_top_5,us.amazon.nova-2-pro-preview-20251202-v1:0,True,3,1,0,5.0,3914
calendar_move_000,keyword_top_10,us.amazon.nova-2-pro-preview-20251202-v1:0,True,1,1,1,10.0,1675
calendar_summarize_001,keyword_top_10,us.amazon.nova-2-pro-preview-20251202-v1:0,True,2,1,0,10.0,3196
calendar_invite_002,keyword_top_10,us.amazon.nova-2-pro-preview-20251202-v1:0,False,6,5,0,10.0,9846
calendar_move_003,keyword_top_10,us.amazon.nova-2-pro-preview-20251202-v1:0,True,1,1,1,10.0,1675
calendar_summarize_004,keyword_top_10,us.amazon.nova-2-pro-preview-20251202-v1:0,False,6,4,0,10.0,9703
calendar_invite_005,keyword_top_10,us.amazon.nova-2-pro-preview-20251202-v1:0,False,6,5,0,10.0,9845
calendar_move_006,keyword_top_10,us.amazon.nova-2-pro-preview-20251202-v1:0,True,1,1,1,10.0,1671
calendar_summarize_007,keyword_top_10,us.amazon.nova-2-pro-preview-20251202-v1:0,True,2,1,0,10.0,3196
calendar_invite_008,keyword_top_10,us.amazon.nova-2-pro-preview-20251202-v1:0,False,6,5,0,10.0,9844
calendar_move_009,keyword_top_10,us.amazon.nova-2-pro-preview-20251202-v1:0,True,1,1,1,10.0,1672
calendar_summarize_010,keyword_top_10,us.amazon.nova-2-pro-preview-20251202-v1:0,True,3,1,0,10.0,4820
calendar_invite_011,keyword_top_10,us.amazon.nova-2-pro-preview-20251202-v1:0,False,6,5,0,10.0,9845
calendar_move_012,keyword_top_10,us.amazon.nova-2-pro-preview-20251202-v1:0,True,1,1,1,10.0,1672
calendar_summarize_013,keyword_top_10,us.amazon.nova-2-pro-preview-20251202-v1:0,False,6,5,0,10.0,9699
calendar_invite_014,keyword_top_10,us.amazon.nova-2-pro-preview-20251202-v1:0,False,6,5,0,10.0,9845
calendar_move_015,keyword_top_10,us.amazon.nova-2-pro-preview-20251202-v1:0,True,1,1,1,10.0,1675
calendar_summarize_016,keyword_top_10,us.amazon.nova-2-pro-preview-20251202-v1:0,False,6,4,0,10.0,9705
calendar_invite_017,keyword_top_10,us.amazon.nova-2-pro-preview-20251202-v1:0,False,6,5,0,10.0,9846
calendar_move_018,keyword_top_10,us.amazon.nova-2-pro-preview-20251202-v1:0,True,1,1,1,10.0,1676
calendar_summarize_019,keyword_top_10,us.amazon.nova-2-pro-preview-20251202-v1:0,False,6,4,0,10.0,9703
calendar_invite_020,keyword_top_10,us.amazon.nova-2-pro-preview-20251202-v1:0,False,6,5,0,10.0,9843
calendar_move_021,keyword_top_10,us.amazon.nova-2-pro-preview-20251202-v1:0,True,1,1,1,10.0,1671
calendar_summarize_022,keyword_top_10,us.amazon.nova-2-pro-preview-20251202-v1:0,True,3,1,0,10.0,4820
calendar_invite_023,keyword_top_10,us.amazon.nova-2-pro-preview-20251202-v1:0,True,2,0,0,10.0,3292
calendar_move_024,keyword_top_10,us.amazon.nova-2-pro-preview-20251202-v1:0,True,2,0,0,10.0,3304
calendar_summarize_025,keyword_top_10,us.amazon.nova-2-pro-preview-20251202-v1:0,True,2,1,0,10.0,3196
calendar_invite_026,keyword_top_10,us.amazon.nova-2-pro-preview-20251202-v1:0,False,6,5,0,10.0,9843
calendar_move_027,keyword_top_10,us.amazon.nova-2-pro-preview-20251202-v1:0,True,1,1,1,10.0,1672
calendar_summarize_028,keyword_top_10,us.amazon.nova-2-pro-preview-20251202-v1:0,False,6,4,0,10.0,9705
calendar_invite_029,keyword_top_10,us.amazon.nova-2-pro-preview-20251202-v1:0,False,6,5,0,10.0,9844
calendar_move_030,keyword_top_10,us.amazon.nova-2-pro-preview-20251202-v1:0,True,1,1,1,10.0,1675
calendar_summarize_031,keyword_top_10,us.amazon.nova-2-pro-preview-20251202-v1:0,True,6,5,0,10.0,9694
calendar_invite_032,keyword_top_10,us.amazon.nova-2-pro-preview-20251202-v1:0,False,6,5,0,10.0,9845
calendar_move_033,keyword_top_10,us.amazon.nova-2-pro-preview-20251202-v1:0,True,1,1,1,10.0,1676
email_draft_000,keyword_top_10,us.amazon.nova-2-pro-preview-20251202-v1:0,True,5,3,0,10.0,8042
email_summarize_001,keyword_top_10,us.amazon.nova-2-pro-preview-20251202-v1:0,True,3,0,0,10.0,4675
email_deadline_002,keyword_top_10,us.amazon.nova-2-pro-preview-20251202-v1:0,True,3,1,0,10.0,4698
email_draft_003,keyword_top_10,us.amazon.nova-2-pro-preview-20251202-v1:0,True,3,0,0,10.0,4831
email_summarize_004,keyword_top_10,us.amazon.nova-2-pro-preview-20251202-v1:0,True,3,0,0,10.0,4678
email_deadline_005,keyword_top_10,us.amazon.nova-2-pro-preview-20251202-v1:0,True,3,1,0,10.0,4686
email_draft_006,keyword_top_10,us.amazon.nova-2-pro-preview-20251202-v1:0,True,3,0,0,10.0,4817
email_summarize_007,keyword_top_10,us.amazon.nova-2-pro-preview-20251202-v1:0,True,3,0,0,10.0,4693
email_deadline_008,keyword_top_10,us.amazon.nova-2-pro-preview-20251202-v1:0,True,3,1,0,10.0,4695
email_draft_009,keyword_top_10,us.amazon.nova-2-pro-preview-20251202-v1:0,False,6,4,0,10.0,9614
email_summarize_010,keyword_top_10,us.amazon.nova-2-pro-preview-20251202-v1:0,True,3,0,0,10.0,4676
email_deadline_011,keyword_top_10,us.amazon.nova-2-pro-preview-20251202-v1:0,True,3,1,0,10.0,4685
email_draft_012,keyword_top_10,us.amazon.nova-2-pro-preview-20251202-v1:0,True,3,0,0,10.0,4839
email_summarize_013,keyword_top_10,us.amazon.nova-2-pro-preview-20251202-v1:0,True,3,0,0,10.0,4685
email_deadline_014,keyword_top_10,us.amazon.nova-2-pro-preview-20251202-v1:0,True,3,1,0,10.0,4685
email_draft_015,keyword_top_10,us.amazon.nova-2-pro-preview-20251202-v1:0,True,3,0,0,10.0,4818
email_summarize_016,keyword_top_10,us.amazon.nova-2-pro-preview-20251202-v1:0,True,3,0,0,10.0,4675
email_deadline_017,keyword_top_10,us.amazon.nova-2-pro-preview-20251202-v1:0,True,3,1,0,10.0,4698
email_draft_018,keyword_top_10,us.amazon.nova-2-pro-preview-20251202-v1:0,True,3,0,0,10.0,4833
email_summarize_019,keyword_top_10,us.amazon.nova-2-pro-preview-20251202-v1:0,True,3,0,0,10.0,4680
email_deadline_020,keyword_top_10,us.amazon.nova-2-pro-preview-20251202-v1:0,True,3,1,0,10.0,4686
email_draft_021,keyword_top_10,us.amazon.nova-2-pro-preview-20251202-v1:0,True,3,0,0,10.0,4819
email_summarize_022,keyword_top_10,us.amazon.nova-2-pro-preview-20251202-v1:0,True,3,0,0,10.0,4693
email_deadline_023,keyword_top_10,us.amazon.nova-2-pro-preview-20251202-v1:0,True,3,1,0,10.0,4695
email_draft_024,keyword_top_10,us.amazon.nova-2-pro-preview-20251202-v1:0,False,6,4,0,10.0,9612
email_summarize_025,keyword_top_10,us.amazon.nova-2-pro-preview-20251202-v1:0,True,3,0,0,10.0,4676
email_deadline_026,keyword_top_10,us.amazon.nova-2-pro-preview-20251202-v1:0,True,3,1,0,10.0,4685
email_draft_027,keyword_top_10,us.amazon.nova-2-pro-preview-20251202-v1:0,True,3,0,0,10.0,4839
email_summarize_028,keyword_top_10,us.amazon.nova-2-pro-preview-20251202-v1:0,True,3,0,0,10.0,4685
email_deadline_029,keyword_top_10,us.amazon.nova-2-pro-preview-20251202-v1:0,True,3,1,0,10.0,4685
email_draft_030,keyword_top_10,us.amazon.nova-2-pro-preview-20251202-v1:0,True,3,0,0,10.0,4818
email_summarize_031,keyword_top_10,us.amazon.nova-2-pro-preview-20251202-v1:0,True,3,0,0,10.0,4675
email_deadline_032,keyword_top_10,us.amazon.nova-2-pro-preview-20251202-v1:0,True,3,1,0,10.0,4698
email_draft_033,keyword_top_10,us.amazon.nova-2-pro-preview-20251202-v1:0,True,3,0,0,10.0,4829
file_section_000,keyword_top_10,us.amazon.nova-2-pro-preview-20251202-v1:0,True,3,1,0,10.0,4766
file_summary_001,keyword_top_10,us.amazon.nova-2-pro-preview-20251202-v1:0,False,6,6,0,10.0,9198
file_extract_002,keyword_top_10,us.amazon.nova-2-pro-preview-20251202-v1:0,True,3,1,0,10.0,4703
file_section_003,keyword_top_10,us.amazon.nova-2-pro-preview-20251202-v1:0,True,3,1,0,10.0,4739
file_summary_004,keyword_top_10,us.amazon.nova-2-pro-preview-20251202-v1:0,False,6,6,0,10.0,9188
file_extract_005,keyword_top_10,us.amazon.nova-2-pro-preview-20251202-v1:0,True,2,2,0,10.0,3165
file_section_006,keyword_top_10,us.amazon.nova-2-pro-preview-20251202-v1:0,True,3,1,0,10.0,4746
file_summary_007,keyword_top_10,us.amazon.nova-2-pro-preview-20251202-v1:0,False,6,6,0,10.0,9180
file_extract_008,keyword_top_10,us.amazon.nova-2-pro-preview-20251202-v1:0,True,2,2,0,10.0,3130
file_section_009,keyword_top_10,us.amazon.nova-2-pro-preview-20251202-v1:0,True,3,1,0,10.0,4738
file_summary_010,keyword_top_10,us.amazon.nova-2-pro-preview-20251202-v1:0,False,6,6,0,10.0,9240
file_extract_011,keyword_top_10,us.amazon.nova-2-pro-preview-20251202-v1:0,True,2,2,0,10.0,3133
file_section_012,keyword_top_10,us.amazon.nova-2-pro-preview-20251202-v1:0,True,3,1,0,10.0,4715
file_summary_013,keyword_top_10,us.amazon.nova-2-pro-preview-20251202-v1:0,False,6,6,0,10.0,9190
file_extract_014,keyword_top_10,us.amazon.nova-2-pro-preview-20251202-v1:0,True,2,2,0,10.0,3128
file_section_015,keyword_top_10,us.amazon.nova-2-pro-preview-20251202-v1:0,True,3,1,0,10.0,4768
file_summary_016,keyword_top_10,us.amazon.nova-2-pro-preview-20251202-v1:0,False,6,6,0,10.0,9198
file_extract_017,keyword_top_10,us.amazon.nova-2-pro-preview-20251202-v1:0,True,3,1,0,10.0,4703
file_section_018,keyword_top_10,us.amazon.nova-2-pro-preview-20251202-v1:0,True,3,1,0,10.0,4741
file_summary_019,keyword_top_10,us.amazon.nova-2-pro-preview-20251202-v1:0,False,6,6,0,10.0,9186
file_extract_020,keyword_top_10,us.amazon.nova-2-pro-preview-20251202-v1:0,True,2,2,0,10.0,3165
file_section_021,keyword_top_10,us.amazon.nova-2-pro-preview-20251202-v1:0,True,3,1,0,10.0,4748
file_summary_022,keyword_top_10,us.amazon.nova-2-pro-preview-20251202-v1:0,False,6,6,0,10.0,9180
file_extract_023,keyword_top_10,us.amazon.nova-2-pro-preview-20251202-v1:0,True,2,2,0,10.0,3130
file_section_024,keyword_top_10,us.amazon.nova-2-pro-preview-20251202-v1:0,True,3,1,0,10.0,4738
file_summary_025,keyword_top_10,us.amazon.nova-2-pro-preview-20251202-v1:0,False,6,6,0,10.0,9242
file_extract_026,keyword_top_10,us.amazon.nova-2-pro-preview-20251202-v1:0,True,4,4,0,10.0,6261
file_section_027,keyword_top_10,us.amazon.nova-2-pro-preview-20251202-v1:0,True,3,1,0,10.0,4711
file_summary_028,keyword_top_10,us.amazon.nova-2-pro-preview-20251202-v1:0,False,6,6,0,10.0,9188
file_extract_029,keyword_top_10,us.amazon.nova-2-pro-preview-20251202-v1:0,True,2,2,0,10.0,3128
file_section_030,keyword_top_10,us.amazon.nova-2-pro-preview-20251202-v1:0,True,3,1,0,10.0,4768
file_summary_031,keyword_top_10,us.amazon.nova-2-pro-preview-20251202-v1:0,False,6,6,0,10.0,9198
file_extract_032,keyword_top_10,us.amazon.nova-2-pro-preview-20251202-v1:0,True,2,2,0,10.0,3130
file_section_033,keyword_top_10,us.amazon.nova-2-pro-preview-20251202-v1:0,True,3,1,0,10.0,4739
calendar_move_000,state_aware,us.amazon.nova-2-pro-preview-20251202-v1:0,True,2,0,0,6.5,2780
calendar_summarize_001,state_aware,us.amazon.nova-2-pro-preview-20251202-v1:0,False,6,4,0,5.333333333333333,7721
calendar_invite_002,state_aware,us.amazon.nova-2-pro-preview-20251202-v1:0,True,2,0,0,5.5,2619
calendar_move_003,state_aware,us.amazon.nova-2-pro-preview-20251202-v1:0,False,6,6,0,5.0,7860
calendar_summarize_004,state_aware,us.amazon.nova-2-pro-preview-20251202-v1:0,False,6,4,0,5.333333333333333,7721
calendar_invite_005,state_aware,us.amazon.nova-2-pro-preview-20251202-v1:0,True,2,0,0,5.5,2621
calendar_move_006,state_aware,us.amazon.nova-2-pro-preview-20251202-v1:0,True,2,0,0,6.5,2774
calendar_summarize_007,state_aware,us.amazon.nova-2-pro-preview-20251202-v1:0,False,6,4,0,5.333333333333333,7721
calendar_invite_008,state_aware,us.amazon.nova-2-pro-preview-20251202-v1:0,True,2,0,0,5.5,2620
calendar_move_009,state_aware,us.amazon.nova-2-pro-preview-20251202-v1:0,True,2,0,0,6.5,2776
calendar_summarize_010,state_aware,us.amazon.nova-2-pro-preview-20251202-v1:0,False,6,4,0,5.333333333333333,7721
calendar_invite_011,state_aware,us.amazon.nova-2-pro-preview-20251202-v1:0,True,2,0,0,5.5,2620
calendar_move_012,state_aware,us.amazon.nova-2-pro-preview-20251202-v1:0,True,2,0,0,6.5,2778
calendar_summarize_013,state_aware,us.amazon.nova-2-pro-preview-20251202-v1:0,False,6,4,0,5.333333333333333,7721
calendar_invite_014,state_aware,us.amazon.nova-2-pro-preview-20251202-v1:0,True,2,0,0,5.5,2620
calendar_move_015,state_aware,us.amazon.nova-2-pro-preview-20251202-v1:0,True,2,0,0,6.5,2776
calendar_summarize_016,state_aware,us.amazon.nova-2-pro-preview-20251202-v1:0,False,6,4,0,5.333333333333333,7721
calendar_invite_017,state_aware,us.amazon.nova-2-pro-preview-20251202-v1:0,True,2,0,0,5.5,2620
calendar_move_018,state_aware,us.amazon.nova-2-pro-preview-20251202-v1:0,False,6,6,0,5.0,7860
calendar_summarize_019,state_aware,us.amazon.nova-2-pro-preview-20251202-v1:0,False,6,4,0,5.333333333333333,7719
calendar_invite_020,state_aware,us.amazon.nova-2-pro-preview-20251202-v1:0,True,2,0,0,5.5,2621
calendar_move_021,state_aware,us.amazon.nova-2-pro-preview-20251202-v1:0,True,2,0,0,6.5,2777
calendar_summarize_022,state_aware,us.amazon.nova-2-pro-preview-20251202-v1:0,False,6,4,0,5.333333333333333,7721
calendar_invite_023,state_aware,us.amazon.nova-2-pro-preview-20251202-v1:0,True,2,0,0,5.5,2621
calendar_move_024,state_aware,us.amazon.nova-2-pro-preview-20251202-v1:0,True,2,0,0,6.5,2777
calendar_summarize_025,state_aware,us.amazon.nova-2-pro-preview-20251202-v1:0,False,6,4,0,5.333333333333333,7721
calendar_invite_026,state_aware,us.amazon.nova-2-pro-preview-20251202-v1:0,True,2,0,0,5.5,2621
calendar_move_027,state_aware,us.amazon.nova-2-pro-preview-20251202-v1:0,True,2,0,0,6.5,2779
calendar_summarize_028,state_aware,us.amazon.nova-2-pro-preview-20251202-v1:0,False,6,4,0,5.333333333333333,7721
calendar_invite_029,state_aware,us.amazon.nova-2-pro-preview-20251202-v1:0,True,2,0,0,5.5,2620
calendar_move_030,state_aware,us.amazon.nova-2-pro-preview-20251202-v1:0,True,2,0,0,6.5,2778
calendar_summarize_031,state_aware,us.amazon.nova-2-pro-preview-20251202-v1:0,False,6,4,0,5.333333333333333,7721
calendar_invite_032,state_aware,us.amazon.nova-2-pro-preview-20251202-v1:0,True,2,0,0,5.5,2618
calendar_move_033,state_aware,us.amazon.nova-2-pro-preview-20251202-v1:0,False,6,6,0,5.0,7860
email_draft_000,state_aware,us.amazon.nova-2-pro-preview-20251202-v1:0,False,6,4,0,8.333333333333334,8827
email_summarize_001,state_aware,us.amazon.nova-2-pro-preview-20251202-v1:0,True,3,0,0,6.333333333333333,4026
email_deadline_002,state_aware,us.amazon.nova-2-pro-preview-20251202-v1:0,True,3,0,0,6.333333333333333,4045
email_draft_003,state_aware,us.amazon.nova-2-pro-preview-20251202-v1:0,False,6,4,0,8.333333333333334,8814
email_summarize_004,state_aware,us.amazon.nova-2-pro-preview-20251202-v1:0,True,3,0,0,6.333333333333333,4027
email_deadline_005,state_aware,us.amazon.nova-2-pro-preview-20251202-v1:0,True,3,0,0,6.333333333333333,4033
email_draft_006,state_aware,us.amazon.nova-2-pro-preview-20251202-v1:0,True,5,3,0,8.0,7258
email_summarize_007,state_aware,us.amazon.nova-2-pro-preview-20251202-v1:0,True,3,0,0,6.333333333333333,4042
email_deadline_008,state_aware,us.amazon.nova-2-pro-preview-20251202-v1:0,True,3,0,0,6.333333333333333,4042
email_draft_009,state_aware,us.amazon.nova-2-pro-preview-20251202-v1:0,False,6,4,0,8.333333333333334,8797
email_summarize_010,state_aware,us.amazon.nova-2-pro-preview-20251202-v1:0,True,3,0,0,6.333333333333333,4029
email_deadline_011,state_aware,us.amazon.nova-2-pro-preview-20251202-v1:0,True,3,0,0,6.333333333333333,4032
email_draft_012,state_aware,us.amazon.nova-2-pro-preview-20251202-v1:0,False,6,4,0,8.333333333333334,8843
email_summarize_013,state_aware,us.amazon.nova-2-pro-preview-20251202-v1:0,True,3,0,0,6.333333333333333,4037
email_deadline_014,state_aware,us.amazon.nova-2-pro-preview-20251202-v1:0,True,3,0,0,6.333333333333333,4032
email_draft_015,state_aware,us.amazon.nova-2-pro-preview-20251202-v1:0,False,6,4,0,8.333333333333334,8795
email_summarize_016,state_aware,us.amazon.nova-2-pro-preview-20251202-v1:0,True,3,0,0,6.333333333333333,4026
email_deadline_017,state_aware,us.amazon.nova-2-pro-preview-20251202-v1:0,True,3,0,0,6.333333333333333,4045
email_draft_018,state_aware,us.amazon.nova-2-pro-preview-20251202-v1:0,False,6,4,0,8.333333333333334,8810
email_summarize_019,state_aware,us.amazon.nova-2-pro-preview-20251202-v1:0,True,3,0,0,6.333333333333333,4029
email_deadline_020,state_aware,us.amazon.nova-2-pro-preview-20251202-v1:0,True,3,0,0,6.333333333333333,4033
email_draft_021,state_aware,us.amazon.nova-2-pro-preview-20251202-v1:0,True,3,0,0,6.666666666666667,4156
email_summarize_022,state_aware,us.amazon.nova-2-pro-preview-20251202-v1:0,True,3,0,0,6.333333333333333,4042
email_deadline_023,state_aware,us.amazon.nova-2-pro-preview-20251202-v1:0,True,3,0,0,6.333333333333333,4042
email_draft_024,state_aware,us.amazon.nova-2-pro-preview-20251202-v1:0,False,6,4,0,8.333333333333334,8797
email_summarize_025,state_aware,us.amazon.nova-2-pro-preview-20251202-v1:0,True,3,0,0,6.333333333333333,4029
email_deadline_026,state_aware,us.amazon.nova-2-pro-preview-20251202-v1:0,True,3,0,0,6.333333333333333,4032
email_draft_027,state_aware,us.amazon.nova-2-pro-preview-20251202-v1:0,False,6,4,0,8.333333333333334,8834
email_summarize_028,state_aware,us.amazon.nova-2-pro-preview-20251202-v1:0,True,3,0,0,6.333333333333333,4036
email_deadline_029,state_aware,us.amazon.nova-2-pro-preview-20251202-v1:0,True,3,0,0,6.333333333333333,4032
email_draft_030,state_aware,us.amazon.nova-2-pro-preview-20251202-v1:0,False,6,4,0,8.333333333333334,8795
email_summarize_031,state_aware,us.amazon.nova-2-pro-preview-20251202-v1:0,True,3,0,0,6.333333333333333,4026
email_deadline_032,state_aware,us.amazon.nova-2-pro-preview-20251202-v1:0,True,3,0,0,6.333333333333333,4045
email_draft_033,state_aware,us.amazon.nova-2-pro-preview-20251202-v1:0,False,6,4,0,8.333333333333334,8816
file_section_000,state_aware,us.amazon.nova-2-pro-preview-20251202-v1:0,True,3,1,0,5.333333333333333,3856
file_summary_001,state_aware,us.amazon.nova-2-pro-preview-20251202-v1:0,False,6,6,0,4.666666666666667,7369
file_extract_002,state_aware,us.amazon.nova-2-pro-preview-20251202-v1:0,True,3,1,0,5.333333333333333,3846
file_section_003,state_aware,us.amazon.nova-2-pro-preview-20251202-v1:0,True,3,1,0,5.333333333333333,3849
file_summary_004,state_aware,us.amazon.nova-2-pro-preview-20251202-v1:0,False,6,6,0,4.666666666666667,7358
file_extract_005,state_aware,us.amazon.nova-2-pro-preview-20251202-v1:0,True,3,1,0,5.333333333333333,3857
file_section_006,state_aware,us.amazon.nova-2-pro-preview-20251202-v1:0,True,3,1,0,5.333333333333333,3858
file_summary_007,state_aware,us.amazon.nova-2-pro-preview-20251202-v1:0,False,6,6,0,4.666666666666667,7356
file_extract_008,state_aware,us.amazon.nova-2-pro-preview-20251202-v1:0,True,3,1,0,5.333333333333333,3848
file_section_009,state_aware,us.amazon.nova-2-pro-preview-20251202-v1:0,True,3,1,0,5.333333333333333,3847
file_summary_010,state_aware,us.amazon.nova-2-pro-preview-20251202-v1:0,False,6,6,0,4.666666666666667,7374
file_extract_011,state_aware,us.amazon.nova-2-pro-preview-20251202-v1:0,True,3,1,0,5.333333333333333,3854
file_section_012,state_aware,us.amazon.nova-2-pro-preview-20251202-v1:0,True,3,1,0,5.333333333333333,3851
file_summary_013,state_aware,us.amazon.nova-2-pro-preview-20251202-v1:0,False,6,6,0,4.666666666666667,7360
file_extract_014,state_aware,us.amazon.nova-2-pro-preview-20251202-v1:0,True,3,1,0,5.333333333333333,3846
file_section_015,state_aware,us.amazon.nova-2-pro-preview-20251202-v1:0,True,3,1,0,5.333333333333333,3860
file_summary_016,state_aware,us.amazon.nova-2-pro-preview-20251202-v1:0,False,6,6,0,4.666666666666667,7367
file_extract_017,state_aware,us.amazon.nova-2-pro-preview-20251202-v1:0,True,3,1,0,5.333333333333333,3842
file_section_018,state_aware,us.amazon.nova-2-pro-preview-20251202-v1:0,True,3,1,0,5.333333333333333,3849
file_summary_019,state_aware,us.amazon.nova-2-pro-preview-20251202-v1:0,False,6,6,0,4.666666666666667,7356
file_extract_020,state_aware,us.amazon.nova-2-pro-preview-20251202-v1:0,True,3,1,0,5.333333333333333,3855
file_section_021,state_aware,us.amazon.nova-2-pro-preview-20251202-v1:0,True,3,1,0,5.333333333333333,3857
file_summary_022,state_aware,us.amazon.nova-2-pro-preview-20251202-v1:0,False,6,6,0,4.666666666666667,7358
file_extract_023,state_aware,us.amazon.nova-2-pro-preview-20251202-v1:0,True,3,1,0,5.333333333333333,3848
file_section_024,state_aware,us.amazon.nova-2-pro-preview-20251202-v1:0,True,3,1,0,5.333333333333333,3847
file_summary_025,state_aware,us.amazon.nova-2-pro-preview-20251202-v1:0,False,6,6,0,4.666666666666667,7368
file_extract_026,state_aware,us.amazon.nova-2-pro-preview-20251202-v1:0,True,3,1,0,5.333333333333333,3855
file_section_027,state_aware,us.amazon.nova-2-pro-preview-20251202-v1:0,True,3,1,0,5.333333333333333,3848
file_summary_028,state_aware,us.amazon.nova-2-pro-preview-20251202-v1:0,False,6,6,0,4.666666666666667,7360
file_extract_029,state_aware,us.amazon.nova-2-pro-preview-20251202-v1:0,True,3,1,0,5.333333333333333,3842
file_section_030,state_aware,us.amazon.nova-2-pro-preview-20251202-v1:0,True,3,1,0,5.333333333333333,3858
file_summary_031,state_aware,us.amazon.nova-2-pro-preview-20251202-v1:0,False,6,6,0,4.666666666666667,7366
file_extract_032,state_aware,us.amazon.nova-2-pro-preview-20251202-v1:0,True,3,1,0,5.333333333333333,3844
file_section_033,state_aware,us.amazon.nova-2-pro-preview-20251202-v1:0,True,3,1,0,5.333333333333333,3849
calendar_move_000,full_causal_path,us.amazon.nova-2-pro-preview-20251202-v1:0,True,2,0,0,1.5,2293
calendar_summarize_001,full_causal_path,us.amazon.nova-2-pro-preview-20251202-v1:0,True,3,0,0,2.0,3421
calendar_invite_002,full_causal_path,us.amazon.nova-2-pro-preview-20251202-v1:0,True,2,0,0,1.5,2293
calendar_move_003,full_causal_path,us.amazon.nova-2-pro-preview-20251202-v1:0,True,2,0,0,1.5,2295
calendar_summarize_004,full_causal_path,us.amazon.nova-2-pro-preview-20251202-v1:0,True,3,0,0,2.0,3421
calendar_invite_005,full_causal_path,us.amazon.nova-2-pro-preview-20251202-v1:0,True,2,0,0,1.5,2294
calendar_move_006,full_causal_path,us.amazon.nova-2-pro-preview-20251202-v1:0,True,2,0,0,1.5,2288
calendar_summarize_007,full_causal_path,us.amazon.nova-2-pro-preview-20251202-v1:0,True,3,0,0,2.0,3421
calendar_invite_008,full_causal_path,us.amazon.nova-2-pro-preview-20251202-v1:0,True,2,0,0,1.5,2294
calendar_move_009,full_causal_path,us.amazon.nova-2-pro-preview-20251202-v1:0,True,2,0,0,1.5,2288
calendar_summarize_010,full_causal_path,us.amazon.nova-2-pro-preview-20251202-v1:0,True,3,0,0,2.0,3421
calendar_invite_011,full_causal_path,us.amazon.nova-2-pro-preview-20251202-v1:0,True,2,0,0,1.5,2294
calendar_move_012,full_causal_path,us.amazon.nova-2-pro-preview-20251202-v1:0,True,2,0,0,1.5,2290
calendar_summarize_013,full_causal_path,us.amazon.nova-2-pro-preview-20251202-v1:0,True,3,0,0,2.0,3421
calendar_invite_014,full_causal_path,us.amazon.nova-2-pro-preview-20251202-v1:0,True,2,0,0,1.5,2292
calendar_move_015,full_causal_path,us.amazon.nova-2-pro-preview-20251202-v1:0,True,2,0,0,1.5,2289
calendar_summarize_016,full_causal_path,us.amazon.nova-2-pro-preview-20251202-v1:0,True,3,0,0,2.0,3425
calendar_invite_017,full_causal_path,us.amazon.nova-2-pro-preview-20251202-v1:0,True,2,0,0,1.5,2294
calendar_move_018,full_causal_path,us.amazon.nova-2-pro-preview-20251202-v1:0,True,2,0,0,1.5,2295
calendar_summarize_019,full_causal_path,us.amazon.nova-2-pro-preview-20251202-v1:0,True,3,0,0,2.0,3421
calendar_invite_020,full_causal_path,us.amazon.nova-2-pro-preview-20251202-v1:0,True,2,0,0,1.5,2292
calendar_move_021,full_causal_path,us.amazon.nova-2-pro-preview-20251202-v1:0,True,2,0,0,1.5,2287
calendar_summarize_022,full_causal_path,us.amazon.nova-2-pro-preview-20251202-v1:0,True,3,0,0,2.0,3421
calendar_invite_023,full_causal_path,us.amazon.nova-2-pro-preview-20251202-v1:0,True,2,0,0,1.5,2294
calendar_move_024,full_causal_path,us.amazon.nova-2-pro-preview-20251202-v1:0,True,2,0,0,1.5,2290
calendar_summarize_025,full_causal_path,us.amazon.nova-2-pro-preview-20251202-v1:0,True,3,0,0,2.0,3421
calendar_invite_026,full_causal_path,us.amazon.nova-2-pro-preview-20251202-v1:0,True,2,0,0,1.5,2294
calendar_move_027,full_causal_path,us.amazon.nova-2-pro-preview-20251202-v1:0,True,2,0,0,1.5,2291
calendar_summarize_028,full_causal_path,us.amazon.nova-2-pro-preview-20251202-v1:0,True,3,0,0,2.0,3421
calendar_invite_029,full_causal_path,us.amazon.nova-2-pro-preview-20251202-v1:0,True,2,0,0,1.5,2294
calendar_move_030,full_causal_path,us.amazon.nova-2-pro-preview-20251202-v1:0,True,2,0,0,1.5,2291
calendar_summarize_031,full_causal_path,us.amazon.nova-2-pro-preview-20251202-v1:0,True,3,0,0,2.0,3419
calendar_invite_032,full_causal_path,us.amazon.nova-2-pro-preview-20251202-v1:0,True,2,0,0,1.5,2294
calendar_move_033,full_causal_path,us.amazon.nova-2-pro-preview-20251202-v1:0,True,2,0,0,1.5,2295
email_draft_000,full_causal_path,us.amazon.nova-2-pro-preview-20251202-v1:0,True,3,0,0,2.0,3544
email_summarize_001,full_causal_path,us.amazon.nova-2-pro-preview-20251202-v1:0,True,3,0,0,2.0,3418
email_deadline_002,full_causal_path,us.amazon.nova-2-pro-preview-20251202-v1:0,True,3,0,0,2.0,3443
email_draft_003,full_causal_path,us.amazon.nova-2-pro-preview-20251202-v1:0,True,3,0,0,2.0,3553
email_summarize_004,full_causal_path,us.amazon.nova-2-pro-preview-20251202-v1:0,True,3,0,0,2.0,3421
email_deadline_005,full_causal_path,us.amazon.nova-2-pro-preview-20251202-v1:0,True,3,0,0,2.0,3429
email_draft_006,full_causal_path,us.amazon.nova-2-pro-preview-20251202-v1:0,True,3,0,0,2.0,3543
email_summarize_007,full_causal_path,us.amazon.nova-2-pro-preview-20251202-v1:0,True,3,0,0,2.0,3432
email_deadline_008,full_causal_path,us.amazon.nova-2-pro-preview-20251202-v1:0,True,3,0,0,2.0,3440
email_draft_009,full_causal_path,us.amazon.nova-2-pro-preview-20251202-v1:0,True,3,0,0,2.0,3542
email_summarize_010,full_causal_path,us.amazon.nova-2-pro-preview-20251202-v1:0,True,3,0,0,2.0,3417
email_deadline_011,full_causal_path,us.amazon.nova-2-pro-preview-20251202-v1:0,True,3,0,0,2.0,3430
email_draft_012,full_causal_path,us.amazon.nova-2-pro-preview-20251202-v1:0,True,3,0,0,2.0,3565
email_summarize_013,full_causal_path,us.amazon.nova-2-pro-preview-20251202-v1:0,True,3,0,0,2.0,3426
email_deadline_014,full_causal_path,us.amazon.nova-2-pro-preview-20251202-v1:0,True,3,0,0,2.0,3428
email_draft_015,full_causal_path,us.amazon.nova-2-pro-preview-20251202-v1:0,True,3,0,0,2.0,3542
email_summarize_016,full_causal_path,us.amazon.nova-2-pro-preview-20251202-v1:0,True,3,0,0,2.0,3418
email_deadline_017,full_causal_path,us.amazon.nova-2-pro-preview-20251202-v1:0,True,3,0,0,2.0,3443
email_draft_018,full_causal_path,us.amazon.nova-2-pro-preview-20251202-v1:0,True,3,0,0,2.0,3554
email_summarize_019,full_causal_path,us.amazon.nova-2-pro-preview-20251202-v1:0,True,3,0,0,2.0,3421
email_deadline_020,full_causal_path,us.amazon.nova-2-pro-preview-20251202-v1:0,True,3,0,0,2.0,3431
email_draft_021,full_causal_path,us.amazon.nova-2-pro-preview-20251202-v1:0,True,3,0,0,2.0,3540
email_summarize_022,full_causal_path,us.amazon.nova-2-pro-preview-20251202-v1:0,True,3,0,0,2.0,3434
email_deadline_023,full_causal_path,us.amazon.nova-2-pro-preview-20251202-v1:0,True,3,0,0,2.0,3440
email_draft_024,full_causal_path,us.amazon.nova-2-pro-preview-20251202-v1:0,True,3,0,0,2.0,3544
email_summarize_025,full_causal_path,us.amazon.nova-2-pro-preview-20251202-v1:0,True,3,0,0,2.0,3417
email_deadline_026,full_causal_path,us.amazon.nova-2-pro-preview-20251202-v1:0,True,3,0,0,2.0,3430
email_draft_027,full_causal_path,us.amazon.nova-2-pro-preview-20251202-v1:0,True,3,0,0,2.0,3565
email_summarize_028,full_causal_path,us.amazon.nova-2-pro-preview-20251202-v1:0,True,3,0,0,2.0,3426
email_deadline_029,full_causal_path,us.amazon.nova-2-pro-preview-20251202-v1:0,True,3,0,0,2.0,3428
email_draft_030,full_causal_path,us.amazon.nova-2-pro-preview-20251202-v1:0,True,3,0,0,2.0,3544
email_summarize_031,full_causal_path,us.amazon.nova-2-pro-preview-20251202-v1:0,True,3,0,0,2.0,3418
email_deadline_032,full_causal_path,us.amazon.nova-2-pro-preview-20251202-v1:0,True,3,0,0,2.0,3443
email_draft_033,full_causal_path,us.amazon.nova-2-pro-preview-20251202-v1:0,True,3,0,0,2.0,3555
file_section_000,full_causal_path,us.amazon.nova-2-pro-preview-20251202-v1:0,True,3,0,0,2.0,3475
file_summary_001,full_causal_path,us.amazon.nova-2-pro-preview-20251202-v1:0,True,3,0,0,2.0,3378
file_extract_002,full_causal_path,us.amazon.nova-2-pro-preview-20251202-v1:0,True,3,0,0,2.0,3458
file_section_003,full_causal_path,us.amazon.nova-2-pro-preview-20251202-v1:0,True,3,0,0,2.0,3466
file_summary_004,full_causal_path,us.amazon.nova-2-pro-preview-20251202-v1:0,True,3,0,0,2.0,3371
file_extract_005,full_causal_path,us.amazon.nova-2-pro-preview-20251202-v1:0,True,3,0,0,2.0,3468
file_section_006,full_causal_path,us.amazon.nova-2-pro-preview-20251202-v1:0,True,3,0,0,2.0,3477
file_summary_007,full_causal_path,us.amazon.nova-2-pro-preview-20251202-v1:0,True,3,0,0,2.0,3367
file_extract_008,full_causal_path,us.amazon.nova-2-pro-preview-20251202-v1:0,True,3,0,0,2.0,3459
file_section_009,full_causal_path,us.amazon.nova-2-pro-preview-20251202-v1:0,True,3,0,0,2.0,3466
file_summary_010,full_causal_path,us.amazon.nova-2-pro-preview-20251202-v1:0,True,3,0,0,2.0,3378
file_extract_011,full_causal_path,us.amazon.nova-2-pro-preview-20251202-v1:0,True,3,0,0,2.0,3464
file_section_012,full_causal_path,us.amazon.nova-2-pro-preview-20251202-v1:0,True,3,0,0,2.0,3466
file_summary_013,full_causal_path,us.amazon.nova-2-pro-preview-20251202-v1:0,True,3,0,0,2.0,3371
file_extract_014,full_causal_path,us.amazon.nova-2-pro-preview-20251202-v1:0,True,3,0,0,2.0,3455
file_section_015,full_causal_path,us.amazon.nova-2-pro-preview-20251202-v1:0,True,3,0,0,2.0,3477
file_summary_016,full_causal_path,us.amazon.nova-2-pro-preview-20251202-v1:0,True,3,0,0,2.0,3378
file_extract_017,full_causal_path,us.amazon.nova-2-pro-preview-20251202-v1:0,True,3,0,0,2.0,3457
file_section_018,full_causal_path,us.amazon.nova-2-pro-preview-20251202-v1:0,True,3,0,0,2.0,3464
file_summary_019,full_causal_path,us.amazon.nova-2-pro-preview-20251202-v1:0,True,3,0,0,2.0,3371
file_extract_020,full_causal_path,us.amazon.nova-2-pro-preview-20251202-v1:0,True,3,0,0,2.0,3466
file_section_021,full_causal_path,us.amazon.nova-2-pro-preview-20251202-v1:0,True,3,0,0,2.0,3477
file_summary_022,full_causal_path,us.amazon.nova-2-pro-preview-20251202-v1:0,True,3,0,0,2.0,3367
file_extract_023,full_causal_path,us.amazon.nova-2-pro-preview-20251202-v1:0,True,3,0,0,2.0,3457
file_section_024,full_causal_path,us.amazon.nova-2-pro-preview-20251202-v1:0,True,3,0,0,2.0,3466
file_summary_025,full_causal_path,us.amazon.nova-2-pro-preview-20251202-v1:0,True,3,0,0,2.0,3378
file_extract_026,full_causal_path,us.amazon.nova-2-pro-preview-20251202-v1:0,True,3,0,0,2.0,3464
file_section_027,full_causal_path,us.amazon.nova-2-pro-preview-20251202-v1:0,True,3,0,0,2.0,3464
file_summary_028,full_causal_path,us.amazon.nova-2-pro-preview-20251202-v1:0,True,3,0,0,2.0,3371
file_extract_029,full_causal_path,us.amazon.nova-2-pro-preview-20251202-v1:0,True,3,0,0,2.0,3455
file_section_030,full_causal_path,us.amazon.nova-2-pro-preview-20251202-v1:0,True,3,0,0,2.0,3475
file_summary_031,full_causal_path,us.amazon.nova-2-pro-preview-20251202-v1:0,True,3,0,0,2.0,3378
file_extract_032,full_causal_path,us.amazon.nova-2-pro-preview-20251202-v1:0,True,3,0,0,2.0,3455
file_section_033,full_causal_path,us.amazon.nova-2-pro-preview-20251202-v1:0,True,3,0,0,2.0,3464
calendar_move_000,cmtf,us.amazon.nova-2-pro-preview-20251202-v1:0,True,2,0,0,1.0,2230
calendar_summarize_001,cmtf,us.amazon.nova-2-pro-preview-20251202-v1:0,True,3,0,0,1.0,3288
calendar_invite_002,cmtf,us.amazon.nova-2-pro-preview-20251202-v1:0,True,2,0,0,1.0,2231
calendar_move_003,cmtf,us.amazon.nova-2-pro-preview-20251202-v1:0,True,2,0,0,1.0,2234
calendar_summarize_004,cmtf,us.amazon.nova-2-pro-preview-20251202-v1:0,True,3,0,0,1.0,3288
calendar_invite_005,cmtf,us.amazon.nova-2-pro-preview-20251202-v1:0,True,2,0,0,1.0,2231
calendar_move_006,cmtf,us.amazon.nova-2-pro-preview-20251202-v1:0,True,2,0,0,1.0,2227
calendar_summarize_007,cmtf,us.amazon.nova-2-pro-preview-20251202-v1:0,True,3,0,0,1.0,3286
calendar_invite_008,cmtf,us.amazon.nova-2-pro-preview-20251202-v1:0,True,2,0,0,1.0,2231
calendar_move_009,cmtf,us.amazon.nova-2-pro-preview-20251202-v1:0,True,2,0,0,1.0,2229
calendar_summarize_010,cmtf,us.amazon.nova-2-pro-preview-20251202-v1:0,True,3,0,0,1.0,3286
calendar_invite_011,cmtf,us.amazon.nova-2-pro-preview-20251202-v1:0,True,2,0,0,1.0,2230
calendar_move_012,cmtf,us.amazon.nova-2-pro-preview-20251202-v1:0,True,2,0,0,1.0,2229
calendar_summarize_013,cmtf,us.amazon.nova-2-pro-preview-20251202-v1:0,True,3,0,0,1.0,3286
calendar_invite_014,cmtf,us.amazon.nova-2-pro-preview-20251202-v1:0,True,2,0,0,1.0,2231
calendar_move_015,cmtf,us.amazon.nova-2-pro-preview-20251202-v1:0,True,2,0,0,1.0,2228
calendar_summarize_016,cmtf,us.amazon.nova-2-pro-preview-20251202-v1:0,True,3,0,0,1.0,3286
calendar_invite_017,cmtf,us.amazon.nova-2-pro-preview-20251202-v1:0,True,2,0,0,1.0,2229
calendar_move_018,cmtf,us.amazon.nova-2-pro-preview-20251202-v1:0,True,2,0,0,1.0,2236
calendar_summarize_019,cmtf,us.amazon.nova-2-pro-preview-20251202-v1:0,True,3,0,0,1.0,3286
calendar_invite_020,cmtf,us.amazon.nova-2-pro-preview-20251202-v1:0,True,2,0,0,1.0,2231
calendar_move_021,cmtf,us.amazon.nova-2-pro-preview-20251202-v1:0,True,2,0,0,1.0,2225
calendar_summarize_022,cmtf,us.amazon.nova-2-pro-preview-20251202-v1:0,True,3,0,0,1.0,3288
calendar_invite_023,cmtf,us.amazon.nova-2-pro-preview-20251202-v1:0,True,2,0,0,1.0,2232
calendar_move_024,cmtf,us.amazon.nova-2-pro-preview-20251202-v1:0,True,2,0,0,1.0,2229
calendar_summarize_025,cmtf,us.amazon.nova-2-pro-preview-20251202-v1:0,True,3,0,0,1.0,3286
calendar_invite_026,cmtf,us.amazon.nova-2-pro-preview-20251202-v1:0,True,2,0,0,1.0,2231
calendar_move_027,cmtf,us.amazon.nova-2-pro-preview-20251202-v1:0,True,2,0,0,1.0,2229
calendar_summarize_028,cmtf,us.amazon.nova-2-pro-preview-20251202-v1:0,True,3,0,0,1.0,3286
calendar_invite_029,cmtf,us.amazon.nova-2-pro-preview-20251202-v1:0,True,2,0,0,1.0,2231
calendar_move_030,cmtf,us.amazon.nova-2-pro-preview-20251202-v1:0,True,2,0,0,1.0,2230
calendar_summarize_031,cmtf,us.amazon.nova-2-pro-preview-20251202-v1:0,True,3,0,0,1.0,3284
calendar_invite_032,cmtf,us.amazon.nova-2-pro-preview-20251202-v1:0,True,2,0,0,1.0,2228
calendar_move_033,cmtf,us.amazon.nova-2-pro-preview-20251202-v1:0,True,2,0,0,1.0,2234
email_draft_000,cmtf,us.amazon.nova-2-pro-preview-20251202-v1:0,True,3,0,0,1.0,3368
email_summarize_001,cmtf,us.amazon.nova-2-pro-preview-20251202-v1:0,True,3,0,0,1.0,3280
email_deadline_002,cmtf,us.amazon.nova-2-pro-preview-20251202-v1:0,True,3,0,0,1.0,3303
email_draft_003,cmtf,us.amazon.nova-2-pro-preview-20251202-v1:0,True,3,0,0,1.0,3379
email_summarize_004,cmtf,us.amazon.nova-2-pro-preview-20251202-v1:0,True,3,0,0,1.0,3283
email_deadline_005,cmtf,us.amazon.nova-2-pro-preview-20251202-v1:0,True,3,0,0,1.0,3289
email_draft_006,cmtf,us.amazon.nova-2-pro-preview-20251202-v1:0,True,3,0,0,1.0,3369
email_summarize_007,cmtf,us.amazon.nova-2-pro-preview-20251202-v1:0,True,3,0,0,1.0,3294
email_deadline_008,cmtf,us.amazon.nova-2-pro-preview-20251202-v1:0,True,3,0,0,1.0,3298
email_draft_009,cmtf,us.amazon.nova-2-pro-preview-20251202-v1:0,True,3,0,0,1.0,3368
email_summarize_010,cmtf,us.amazon.nova-2-pro-preview-20251202-v1:0,True,3,0,0,1.0,3279
email_deadline_011,cmtf,us.amazon.nova-2-pro-preview-20251202-v1:0,True,3,0,0,1.0,3288
email_draft_012,cmtf,us.amazon.nova-2-pro-preview-20251202-v1:0,True,3,0,0,1.0,3389
email_summarize_013,cmtf,us.amazon.nova-2-pro-preview-20251202-v1:0,True,3,0,0,1.0,3289
email_deadline_014,cmtf,us.amazon.nova-2-pro-preview-20251202-v1:0,True,3,0,0,1.0,3288
email_draft_015,cmtf,us.amazon.nova-2-pro-preview-20251202-v1:0,True,3,0,0,1.0,3370
email_summarize_016,cmtf,us.amazon.nova-2-pro-preview-20251202-v1:0,True,3,0,0,1.0,3280
email_deadline_017,cmtf,us.amazon.nova-2-pro-preview-20251202-v1:0,True,3,0,0,1.0,3303
email_draft_018,cmtf,us.amazon.nova-2-pro-preview-20251202-v1:0,True,3,0,0,1.0,3377
email_summarize_019,cmtf,us.amazon.nova-2-pro-preview-20251202-v1:0,True,3,0,0,1.0,3281
email_deadline_020,cmtf,us.amazon.nova-2-pro-preview-20251202-v1:0,True,3,0,0,1.0,3291
email_draft_021,cmtf,us.amazon.nova-2-pro-preview-20251202-v1:0,True,3,0,0,1.0,3367
email_summarize_022,cmtf,us.amazon.nova-2-pro-preview-20251202-v1:0,True,3,0,0,1.0,3292
email_deadline_023,cmtf,us.amazon.nova-2-pro-preview-20251202-v1:0,True,3,0,0,1.0,3298
email_draft_024,cmtf,us.amazon.nova-2-pro-preview-20251202-v1:0,True,3,0,0,1.0,3370
email_summarize_025,cmtf,us.amazon.nova-2-pro-preview-20251202-v1:0,True,3,0,0,1.0,3281
email_deadline_026,cmtf,us.amazon.nova-2-pro-preview-20251202-v1:0,True,3,0,0,1.0,3288
email_draft_027,cmtf,us.amazon.nova-2-pro-preview-20251202-v1:0,True,3,0,0,1.0,3389
email_summarize_028,cmtf,us.amazon.nova-2-pro-preview-20251202-v1:0,True,3,0,0,1.0,3287
email_deadline_029,cmtf,us.amazon.nova-2-pro-preview-20251202-v1:0,True,3,0,0,1.0,3288
email_draft_030,cmtf,us.amazon.nova-2-pro-preview-20251202-v1:0,True,3,0,0,1.0,3370
email_summarize_031,cmtf,us.amazon.nova-2-pro-preview-20251202-v1:0,True,3,0,0,1.0,3280
email_deadline_032,cmtf,us.amazon.nova-2-pro-preview-20251202-v1:0,True,3,0,0,1.0,3303
email_draft_033,cmtf,us.amazon.nova-2-pro-preview-20251202-v1:0,True,3,0,0,1.0,3379
file_section_000,cmtf,us.amazon.nova-2-pro-preview-20251202-v1:0,True,3,0,0,1.0,3308
file_summary_001,cmtf,us.amazon.nova-2-pro-preview-20251202-v1:0,True,3,0,0,1.0,3249
file_extract_002,cmtf,us.amazon.nova-2-pro-preview-20251202-v1:0,True,3,0,0,1.0,3296
file_section_003,cmtf,us.amazon.nova-2-pro-preview-20251202-v1:0,True,3,0,0,1.0,3299
file_summary_004,cmtf,us.amazon.nova-2-pro-preview-20251202-v1:0,True,3,0,0,1.0,3238
file_extract_005,cmtf,us.amazon.nova-2-pro-preview-20251202-v1:0,True,3,0,0,1.0,3305
file_section_006,cmtf,us.amazon.nova-2-pro-preview-20251202-v1:0,True,3,0,0,1.0,3308
file_summary_007,cmtf,us.amazon.nova-2-pro-preview-20251202-v1:0,True,3,0,0,1.0,3240
file_extract_008,cmtf,us.amazon.nova-2-pro-preview-20251202-v1:0,True,3,0,0,1.0,3295
file_section_009,cmtf,us.amazon.nova-2-pro-preview-20251202-v1:0,True,3,0,0,1.0,3299
file_summary_010,cmtf,us.amazon.nova-2-pro-preview-20251202-v1:0,True,3,0,0,1.0,3247
file_extract_011,cmtf,us.amazon.nova-2-pro-preview-20251202-v1:0,True,3,0,0,1.0,3302
file_section_012,cmtf,us.amazon.nova-2-pro-preview-20251202-v1:0,True,3,0,0,1.0,3299
file_summary_013,cmtf,us.amazon.nova-2-pro-preview-20251202-v1:0,True,3,0,0,1.0,3238
file_extract_014,cmtf,us.amazon.nova-2-pro-preview-20251202-v1:0,True,3,0,0,1.0,3296
file_section_015,cmtf,us.amazon.nova-2-pro-preview-20251202-v1:0,True,3,0,0,1.0,3308
file_summary_016,cmtf,us.amazon.nova-2-pro-preview-20251202-v1:0,True,3,0,0,1.0,3249
file_extract_017,cmtf,us.amazon.nova-2-pro-preview-20251202-v1:0,True,3,0,0,1.0,3292
file_section_018,cmtf,us.amazon.nova-2-pro-preview-20251202-v1:0,True,3,0,0,1.0,3299
file_summary_019,cmtf,us.amazon.nova-2-pro-preview-20251202-v1:0,True,3,0,0,1.0,3240
file_extract_020,cmtf,us.amazon.nova-2-pro-preview-20251202-v1:0,True,3,0,0,1.0,3305
file_section_021,cmtf,us.amazon.nova-2-pro-preview-20251202-v1:0,True,3,0,0,1.0,3310
file_summary_022,cmtf,us.amazon.nova-2-pro-preview-20251202-v1:0,True,3,0,0,1.0,3238
file_extract_023,cmtf,us.amazon.nova-2-pro-preview-20251202-v1:0,True,3,0,0,1.0,3294
file_section_024,cmtf,us.amazon.nova-2-pro-preview-20251202-v1:0,True,3,0,0,1.0,3301
file_summary_025,cmtf,us.amazon.nova-2-pro-preview-20251202-v1:0,True,3,0,0,1.0,3249
file_extract_026,cmtf,us.amazon.nova-2-pro-preview-20251202-v1:0,True,3,0,0,1.0,3305
file_section_027,cmtf,us.amazon.nova-2-pro-preview-20251202-v1:0,True,3,0,0,1.0,3299
file_summary_028,cmtf,us.amazon.nova-2-pro-preview-20251202-v1:0,True,3,0,0,1.0,3238
file_extract_029,cmtf,us.amazon.nova-2-pro-preview-20251202-v1:0,True,3,0,0,1.0,3294
file_section_030,cmtf,us.amazon.nova-2-pro-preview-20251202-v1:0,True,3,0,0,1.0,3308
file_summary_031,cmtf,us.amazon.nova-2-pro-preview-20251202-v1:0,True,3,0,0,1.0,3248
file_extract_032,cmtf,us.amazon.nova-2-pro-preview-20251202-v1:0,True,3,0,0,1.0,3294
file_section_033,cmtf,us.amazon.nova-2-pro-preview-20251202-v1:0,True,3,0,0,1.0,3297
calendar_move_000,all_tools,us.anthropic.claude-3-5-haiku-20241022-v1:0,True,2,0,0,100.0,17720
calendar_summarize_001,all_tools,us.anthropic.claude-3-5-haiku-20241022-v1:0,False,6,5,0,100.0,53063
calendar_invite_002,all_tools,us.anthropic.claude-3-5-haiku-20241022-v1:0,False,6,5,0,100.0,53148
calendar_move_003,all_tools,us.anthropic.claude-3-5-haiku-20241022-v1:0,True,2,0,0,100.0,17721
calendar_summarize_004,all_tools,us.anthropic.claude-3-5-haiku-20241022-v1:0,False,2,1,0,100.0,17777
calendar_invite_005,all_tools,us.anthropic.claude-3-5-haiku-20241022-v1:0,False,6,5,0,100.0,53158
calendar_move_006,all_tools,us.anthropic.claude-3-5-haiku-20241022-v1:0,True,2,0,0,100.0,17712
calendar_summarize_007,all_tools,us.anthropic.claude-3-5-haiku-20241022-v1:0,False,6,4,0,100.0,53008
calendar_invite_008,all_tools,us.anthropic.claude-3-5-haiku-20241022-v1:0,False,2,1,0,100.0,17887
calendar_move_009,all_tools,us.anthropic.claude-3-5-haiku-20241022-v1:0,True,2,0,0,100.0,17726
calendar_summarize_010,all_tools,us.anthropic.claude-3-5-haiku-20241022-v1:0,False,6,4,0,100.0,53006
calendar_invite_011,all_tools,us.anthropic.claude-3-5-haiku-20241022-v1:0,False,6,5,0,100.0,53149
calendar_move_012,all_tools,us.anthropic.claude-3-5-haiku-20241022-v1:0,True,2,0,0,100.0,17716
calendar_summarize_013,all_tools,us.anthropic.claude-3-5-haiku-20241022-v1:0,True,3,0,0,100.0,26498
calendar_invite_014,all_tools,us.anthropic.claude-3-5-haiku-20241022-v1:0,False,6,5,0,100.0,53198
calendar_move_015,all_tools,us.anthropic.claude-3-5-haiku-20241022-v1:0,True,2,0,0,100.0,17721
calendar_summarize_016,all_tools,us.anthropic.claude-3-5-haiku-20241022-v1:0,True,3,0,0,100.0,26508
calendar_invite_017,all_tools,us.anthropic.claude-3-5-haiku-20241022-v1:0,False,6,5,0,100.0,53158
calendar_move_018,all_tools,us.anthropic.claude-3-5-haiku-20241022-v1:0,True,2,0,0,100.0,17719
calendar_summarize_019,all_tools,us.anthropic.claude-3-5-haiku-20241022-v1:0,False,6,4,0,100.0,53019
calendar_invite_020,all_tools,us.anthropic.claude-3-5-haiku-20241022-v1:0,False,6,5,0,100.0,53158
calendar_move_021,all_tools,us.anthropic.claude-3-5-haiku-20241022-v1:0,True,2,0,0,100.0,17712
calendar_summarize_022,all_tools,us.anthropic.claude-3-5-haiku-20241022-v1:0,False,6,4,0,100.0,53038
calendar_invite_023,all_tools,us.anthropic.claude-3-5-haiku-20241022-v1:0,False,6,5,0,100.0,53158
calendar_move_024,all_tools,us.anthropic.claude-3-5-haiku-20241022-v1:0,True,2,0,0,100.0,17723
calendar_summarize_025,all_tools,us.anthropic.claude-3-5-haiku-20241022-v1:0,False,6,4,0,100.0,53005
calendar_invite_026,all_tools,us.anthropic.claude-3-5-haiku-20241022-v1:0,False,6,5,0,100.0,53158
calendar_move_027,all_tools,us.anthropic.claude-3-5-haiku-20241022-v1:0,True,2,0,0,100.0,17733
calendar_summarize_028,all_tools,us.anthropic.claude-3-5-haiku-20241022-v1:0,False,3,1,0,100.0,26694
calendar_invite_029,all_tools,us.anthropic.claude-3-5-haiku-20241022-v1:0,False,6,5,0,100.0,53158
calendar_move_030,all_tools,us.anthropic.claude-3-5-haiku-20241022-v1:0,True,2,0,0,100.0,17708
calendar_summarize_031,all_tools,us.anthropic.claude-3-5-haiku-20241022-v1:0,False,6,4,0,100.0,53033
calendar_invite_032,all_tools,us.anthropic.claude-3-5-haiku-20241022-v1:0,False,6,5,0,100.0,53158
calendar_move_033,all_tools,us.anthropic.claude-3-5-haiku-20241022-v1:0,True,2,0,0,100.0,17719
email_draft_000,all_tools,us.anthropic.claude-3-5-haiku-20241022-v1:0,False,6,6,0,100.0,53170
email_summarize_001,all_tools,us.anthropic.claude-3-5-haiku-20241022-v1:0,True,3,0,0,100.0,26538
email_deadline_002,all_tools,us.anthropic.claude-3-5-haiku-20241022-v1:0,True,3,1,0,100.0,26583
email_draft_003,all_tools,us.anthropic.claude-3-5-haiku-20241022-v1:0,False,6,6,0,100.0,53284
email_summarize_004,all_tools,us.anthropic.claude-3-5-haiku-20241022-v1:0,True,3,1,0,100.0,26543
email_deadline_005,all_tools,us.anthropic.claude-3-5-haiku-20241022-v1:0,True,3,1,0,100.0,26533
email_draft_006,all_tools,us.anthropic.claude-3-5-haiku-20241022-v1:0,False,6,6,0,100.0,53352
email_summarize_007,all_tools,us.anthropic.claude-3-5-haiku-20241022-v1:0,True,3,1,0,100.0,26554
email_deadline_008,all_tools,us.anthropic.claude-3-5-haiku-20241022-v1:0,True,3,0,0,100.0,26562
email_draft_009,all_tools,us.anthropic.claude-3-5-haiku-20241022-v1:0,False,6,6,0,100.0,53185
email_summarize_010,all_tools,us.anthropic.claude-3-5-haiku-20241022-v1:0,True,3,1,0,100.0,26536
email_deadline_011,all_tools,us.anthropic.claude-3-5-haiku-20241022-v1:0,True,3,1,0,100.0,26534
email_draft_012,all_tools,us.anthropic.claude-3-5-haiku-20241022-v1:0,False,6,6,0,100.0,53335
email_summarize_013,all_tools,us.anthropic.claude-3-5-haiku-20241022-v1:0,True,3,0,0,100.0,26520
email_deadline_014,all_tools,us.anthropic.claude-3-5-haiku-20241022-v1:0,True,3,0,0,100.0,26544
email_draft_015,all_tools,us.anthropic.claude-3-5-haiku-20241022-v1:0,False,6,6,0,100.0,53165
email_summarize_016,all_tools,us.anthropic.claude-3-5-haiku-20241022-v1:0,False,2,1,0,100.0,17811
email_deadline_017,all_tools,us.anthropic.claude-3-5-haiku-20241022-v1:0,True,3,1,0,100.0,26585
email_draft_018,all_tools,us.anthropic.claude-3-5-haiku-20241022-v1:0,False,6,6,0,100.0,53284
email_summarize_019,all_tools,us.anthropic.claude-3-5-haiku-20241022-v1:0,True,3,1,0,100.0,26540
email_deadline_020,all_tools,us.anthropic.claude-3-5-haiku-20241022-v1:0,True,3,1,0,100.0,26534
email_draft_021,all_tools,us.anthropic.claude-3-5-haiku-20241022-v1:0,False,6,6,0,100.0,53165
email_summarize_022,all_tools,us.anthropic.claude-3-5-haiku-20241022-v1:0,True,3,1,0,100.0,26572
email_deadline_023,all_tools,us.anthropic.claude-3-5-haiku-20241022-v1:0,False,3,1,0,100.0,26568
email_draft_024,all_tools,us.anthropic.claude-3-5-haiku-20241022-v1:0,False,6,6,0,100.0,53140
email_summarize_025,all_tools,us.anthropic.claude-3-5-haiku-20241022-v1:0,True,3,1,0,100.0,26537
email_deadline_026,all_tools,us.anthropic.claude-3-5-haiku-20241022-v1:0,True,2,2,0,100.0,17681
email_draft_027,all_tools,us.anthropic.claude-3-5-haiku-20241022-v1:0,False,6,6,0,100.0,53420
email_summarize_028,all_tools,us.anthropic.claude-3-5-haiku-20241022-v1:0,True,3,0,0,100.0,26522
email_deadline_029,all_tools,us.anthropic.claude-3-5-haiku-20241022-v1:0,True,3,0,0,100.0,26532
email_draft_030,all_tools,us.anthropic.claude-3-5-haiku-20241022-v1:0,False,6,6,0,100.0,53165
email_summarize_031,all_tools,us.anthropic.claude-3-5-haiku-20241022-v1:0,True,3,0,0,100.0,26550
email_deadline_032,all_tools,us.anthropic.claude-3-5-haiku-20241022-v1:0,True,3,1,0,100.0,26585
email_draft_033,all_tools,us.anthropic.claude-3-5-haiku-20241022-v1:0,False,6,6,0,100.0,53284
file_section_000,all_tools,us.anthropic.claude-3-5-haiku-20241022-v1:0,True,3,0,0,100.0,26627
file_summary_001,all_tools,us.anthropic.claude-3-5-haiku-20241022-v1:0,False,6,6,0,100.0,52918
file_extract_002,all_tools,us.anthropic.claude-3-5-haiku-20241022-v1:0,False,6,5,0,100.0,53084
file_section_003,all_tools,us.anthropic.claude-3-5-haiku-20241022-v1:0,False,3,1,0,100.0,26734
file_summary_004,all_tools,us.anthropic.claude-3-5-haiku-20241022-v1:0,False,6,6,0,100.0,53025
file_extract_005,all_tools,us.anthropic.claude-3-5-haiku-20241022-v1:0,True,2,1,0,100.0,17728
file_section_006,all_tools,us.anthropic.claude-3-5-haiku-20241022-v1:0,True,3,0,0,100.0,26611
file_summary_007,all_tools,us.anthropic.claude-3-5-haiku-20241022-v1:0,False,6,6,0,100.0,52854
file_extract_008,all_tools,us.anthropic.claude-3-5-haiku-20241022-v1:0,True,2,1,0,100.0,17690
file_section_009,all_tools,us.anthropic.claude-3-5-haiku-20241022-v1:0,True,3,0,0,100.0,26550
file_summary_010,all_tools,us.anthropic.claude-3-5-haiku-20241022-v1:0,False,6,6,0,100.0,52908
file_extract_011,all_tools,us.anthropic.claude-3-5-haiku-20241022-v1:0,True,3,0,0,100.0,26627
file_section_012,all_tools,us.anthropic.claude-3-5-haiku-20241022-v1:0,False,6,5,0,100.0,53053
file_summary_013,all_tools,us.anthropic.claude-3-5-haiku-20241022-v1:0,False,2,2,0,100.0,17829
file_extract_014,all_tools,us.anthropic.claude-3-5-haiku-20241022-v1:0,False,1,1,0,100.0,8856
file_section_015,all_tools,us.anthropic.claude-3-5-haiku-20241022-v1:0,False,3,1,0,100.0,26623
file_summary_016,all_tools,us.anthropic.claude-3-5-haiku-20241022-v1:0,False,6,6,0,100.0,53023
file_extract_017,all_tools,us.anthropic.claude-3-5-haiku-20241022-v1:0,True,2,1,0,100.0,17721
file_section_018,all_tools,us.anthropic.claude-3-5-haiku-20241022-v1:0,True,3,0,0,100.0,26567
file_summary_019,all_tools,us.anthropic.claude-3-5-haiku-20241022-v1:0,False,6,6,0,100.0,53025
file_extract_020,all_tools,us.anthropic.claude-3-5-haiku-20241022-v1:0,True,2,1,0,100.0,17728
file_section_021,all_tools,us.anthropic.claude-3-5-haiku-20241022-v1:0,False,6,5,0,100.0,52955
file_summary_022,all_tools,us.anthropic.claude-3-5-haiku-20241022-v1:0,False,6,6,0,100.0,52919
file_extract_023,all_tools,us.anthropic.claude-3-5-haiku-20241022-v1:0,True,2,1,0,100.0,17690
file_section_024,all_tools,us.anthropic.claude-3-5-haiku-20241022-v1:0,True,3,0,0,100.0,26569
file_summary_025,all_tools,us.anthropic.claude-3-5-haiku-20241022-v1:0,False,6,6,0,100.0,53023
file_extract_026,all_tools,us.anthropic.claude-3-5-haiku-20241022-v1:0,True,2,1,0,100.0,17718
file_section_027,all_tools,us.anthropic.claude-3-5-haiku-20241022-v1:0,False,6,5,0,100.0,53053
file_summary_028,all_tools,us.anthropic.claude-3-5-haiku-20241022-v1:0,False,6,6,0,100.0,52894
file_extract_029,all_tools,us.anthropic.claude-3-5-haiku-20241022-v1:0,True,3,0,0,100.0,26563
file_section_030,all_tools,us.anthropic.claude-3-5-haiku-20241022-v1:0,False,6,5,0,100.0,53175
file_summary_031,all_tools,us.anthropic.claude-3-5-haiku-20241022-v1:0,False,6,6,0,100.0,52918
file_extract_032,all_tools,us.anthropic.claude-3-5-haiku-20241022-v1:0,True,2,1,0,100.0,17724
file_section_033,all_tools,us.anthropic.claude-3-5-haiku-20241022-v1:0,True,3,0,0,100.0,26596
calendar_move_000,keyword_top_5,us.anthropic.claude-3-5-haiku-20241022-v1:0,True,2,0,0,5.0,1947
calendar_summarize_001,keyword_top_5,us.anthropic.claude-3-5-haiku-20241022-v1:0,False,6,5,0,5.0,5718
calendar_invite_002,keyword_top_5,us.anthropic.claude-3-5-haiku-20241022-v1:0,False,6,5,0,5.0,5842
calendar_move_003,keyword_top_5,us.anthropic.claude-3-5-haiku-20241022-v1:0,True,2,0,0,5.0,1970
calendar_summarize_004,keyword_top_5,us.anthropic.claude-3-5-haiku-20241022-v1:0,False,6,4,0,5.0,5654
calendar_invite_005,keyword_top_5,us.anthropic.claude-3-5-haiku-20241022-v1:0,False,6,5,0,5.0,5842
calendar_move_006,keyword_top_5,us.anthropic.claude-3-5-haiku-20241022-v1:0,True,2,0,0,5.0,1927
calendar_summarize_007,keyword_top_5,us.anthropic.claude-3-5-haiku-20241022-v1:0,False,6,4,0,5.0,5709
calendar_invite_008,keyword_top_5,us.anthropic.claude-3-5-haiku-20241022-v1:0,False,2,1,0,5.0,2124
calendar_move_009,keyword_top_5,us.anthropic.claude-3-5-haiku-20241022-v1:0,True,2,0,0,5.0,1955
calendar_summarize_010,keyword_top_5,us.anthropic.claude-3-5-haiku-20241022-v1:0,False,6,4,0,5.0,5751
calendar_invite_011,keyword_top_5,us.anthropic.claude-3-5-haiku-20241022-v1:0,False,6,5,0,5.0,5842
calendar_move_012,keyword_top_5,us.anthropic.claude-3-5-haiku-20241022-v1:0,True,2,0,0,5.0,1946
calendar_summarize_013,keyword_top_5,us.anthropic.claude-3-5-haiku-20241022-v1:0,False,6,4,0,5.0,5657
calendar_invite_014,keyword_top_5,us.anthropic.claude-3-5-haiku-20241022-v1:0,False,6,5,0,5.0,5842
calendar_move_015,keyword_top_5,us.anthropic.claude-3-5-haiku-20241022-v1:0,True,2,0,0,5.0,1934
calendar_summarize_016,keyword_top_5,us.anthropic.claude-3-5-haiku-20241022-v1:0,False,6,4,0,5.0,5657
calendar_invite_017,keyword_top_5,us.anthropic.claude-3-5-haiku-20241022-v1:0,False,6,5,0,5.0,5842
calendar_move_018,keyword_top_5,us.anthropic.claude-3-5-haiku-20241022-v1:0,True,2,0,0,5.0,1970
calendar_summarize_019,keyword_top_5,us.anthropic.claude-3-5-haiku-20241022-v1:0,False,6,4,0,5.0,5651
calendar_invite_020,keyword_top_5,us.anthropic.claude-3-5-haiku-20241022-v1:0,False,6,5,0,5.0,5842
calendar_move_021,keyword_top_5,us.anthropic.claude-3-5-haiku-20241022-v1:0,True,2,0,0,5.0,1927
calendar_summarize_022,keyword_top_5,us.anthropic.claude-3-5-haiku-20241022-v1:0,False,6,4,0,5.0,5715
calendar_invite_023,keyword_top_5,us.anthropic.claude-3-5-haiku-20241022-v1:0,False,6,5,0,5.0,5842
calendar_move_024,keyword_top_5,us.anthropic.claude-3-5-haiku-20241022-v1:0,True,2,0,0,5.0,1955
calendar_summarize_025,keyword_top_5,us.anthropic.claude-3-5-haiku-20241022-v1:0,False,6,4,0,5.0,5657
calendar_invite_026,keyword_top_5,us.anthropic.claude-3-5-haiku-20241022-v1:0,False,6,5,0,5.0,5842
calendar_move_027,keyword_top_5,us.anthropic.claude-3-5-haiku-20241022-v1:0,True,2,0,0,5.0,1946
calendar_summarize_028,keyword_top_5,us.anthropic.claude-3-5-haiku-20241022-v1:0,False,4,2,0,5.0,3880
calendar_invite_029,keyword_top_5,us.anthropic.claude-3-5-haiku-20241022-v1:0,False,6,5,0,5.0,5842
calendar_move_030,keyword_top_5,us.anthropic.claude-3-5-haiku-20241022-v1:0,True,2,0,0,5.0,1947
calendar_summarize_031,keyword_top_5,us.anthropic.claude-3-5-haiku-20241022-v1:0,False,6,4,0,5.0,5654
calendar_invite_032,keyword_top_5,us.anthropic.claude-3-5-haiku-20241022-v1:0,False,6,5,0,5.0,5842
calendar_move_033,keyword_top_5,us.anthropic.claude-3-5-haiku-20241022-v1:0,True,2,0,0,5.0,1970
email_draft_000,keyword_top_5,us.anthropic.claude-3-5-haiku-20241022-v1:0,False,6,6,0,5.0,5785
email_summarize_001,keyword_top_5,us.anthropic.claude-3-5-haiku-20241022-v1:0,False,6,6,0,5.0,5744
email_deadline_002,keyword_top_5,us.anthropic.claude-3-5-haiku-20241022-v1:0,True,3,1,0,5.0,2796
email_draft_003,keyword_top_5,us.anthropic.claude-3-5-haiku-20241022-v1:0,False,6,6,0,5.0,5819
email_summarize_004,keyword_top_5,us.anthropic.claude-3-5-haiku-20241022-v1:0,True,3,0,0,5.0,2756
email_deadline_005,keyword_top_5,us.anthropic.claude-3-5-haiku-20241022-v1:0,True,3,1,0,5.0,2799
email_draft_006,keyword_top_5,us.anthropic.claude-3-5-haiku-20241022-v1:0,False,6,6,0,5.0,5803
email_summarize_007,keyword_top_5,us.anthropic.claude-3-5-haiku-20241022-v1:0,False,6,6,0,5.0,5597
email_deadline_008,keyword_top_5,us.anthropic.claude-3-5-haiku-20241022-v1:0,True,3,1,0,5.0,2785
email_draft_009,keyword_top_5,us.anthropic.claude-3-5-haiku-20241022-v1:0,False,6,5,0,5.0,5802
email_summarize_010,keyword_top_5,us.anthropic.claude-3-5-haiku-20241022-v1:0,False,6,6,0,5.0,5744
email_deadline_011,keyword_top_5,us.anthropic.claude-3-5-haiku-20241022-v1:0,True,3,1,0,5.0,2799
email_draft_012,keyword_top_5,us.anthropic.claude-3-5-haiku-20241022-v1:0,False,6,6,0,5.0,5878
email_summarize_013,keyword_top_5,us.anthropic.claude-3-5-haiku-20241022-v1:0,True,3,1,0,5.0,2761
email_deadline_014,keyword_top_5,us.anthropic.claude-3-5-haiku-20241022-v1:0,False,2,2,0,5.0,2018
email_draft_015,keyword_top_5,us.anthropic.claude-3-5-haiku-20241022-v1:0,False,6,6,0,5.0,5805
email_summarize_016,keyword_top_5,us.anthropic.claude-3-5-haiku-20241022-v1:0,True,3,1,0,5.0,2776
email_deadline_017,keyword_top_5,us.anthropic.claude-3-5-haiku-20241022-v1:0,True,3,1,0,5.0,2828
email_draft_018,keyword_top_5,us.anthropic.claude-3-5-haiku-20241022-v1:0,False,6,6,0,5.0,5804
email_summarize_019,keyword_top_5,us.anthropic.claude-3-5-haiku-20241022-v1:0,True,3,0,0,5.0,2756
email_deadline_020,keyword_top_5,us.anthropic.claude-3-5-haiku-20241022-v1:0,True,3,1,0,5.0,2786
email_draft_021,keyword_top_5,us.anthropic.claude-3-5-haiku-20241022-v1:0,False,6,6,0,5.0,5808
email_summarize_022,keyword_top_5,us.anthropic.claude-3-5-haiku-20241022-v1:0,False,6,6,0,5.0,5641
email_deadline_023,keyword_top_5,us.anthropic.claude-3-5-haiku-20241022-v1:0,True,3,1,0,5.0,2785
email_draft_024,keyword_top_5,us.anthropic.claude-3-5-haiku-20241022-v1:0,False,6,5,0,5.0,5802
email_summarize_025,keyword_top_5,us.anthropic.claude-3-5-haiku-20241022-v1:0,True,3,1,0,5.0,2772
email_deadline_026,keyword_top_5,us.anthropic.claude-3-5-haiku-20241022-v1:0,True,3,1,0,5.0,2800
email_draft_027,keyword_top_5,us.anthropic.claude-3-5-haiku-20241022-v1:0,False,1,1,0,5.0,1134
email_summarize_028,keyword_top_5,us.anthropic.claude-3-5-haiku-20241022-v1:0,True,3,1,0,5.0,2751
email_deadline_029,keyword_top_5,us.anthropic.claude-3-5-haiku-20241022-v1:0,True,3,1,0,5.0,2779
email_draft_030,keyword_top_5,us.anthropic.claude-3-5-haiku-20241022-v1:0,False,1,1,0,5.0,1127
email_summarize_031,keyword_top_5,us.anthropic.claude-3-5-haiku-20241022-v1:0,True,3,1,0,5.0,2765
email_deadline_032,keyword_top_5,us.anthropic.claude-3-5-haiku-20241022-v1:0,True,3,1,0,5.0,2814
email_draft_033,keyword_top_5,us.anthropic.claude-3-5-haiku-20241022-v1:0,False,6,6,0,5.0,5814
file_section_000,keyword_top_5,us.anthropic.claude-3-5-haiku-20241022-v1:0,False,6,6,0,5.0,5594
file_summary_001,keyword_top_5,us.anthropic.claude-3-5-haiku-20241022-v1:0,False,6,6,0,5.0,5399
file_extract_002,keyword_top_5,us.anthropic.claude-3-5-haiku-20241022-v1:0,True,3,1,0,5.0,2882
file_section_003,keyword_top_5,us.anthropic.claude-3-5-haiku-20241022-v1:0,True,3,1,0,5.0,2802
file_summary_004,keyword_top_5,us.anthropic.claude-3-5-haiku-20241022-v1:0,False,6,6,0,5.0,5629
file_extract_005,keyword_top_5,us.anthropic.claude-3-5-haiku-20241022-v1:0,False,6,6,0,5.0,5665
file_section_006,keyword_top_5,us.anthropic.claude-3-5-haiku-20241022-v1:0,True,3,1,0,5.0,2809
file_summary_007,keyword_top_5,us.anthropic.claude-3-5-haiku-20241022-v1:0,False,6,6,0,5.0,5359
file_extract_008,keyword_top_5,us.anthropic.claude-3-5-haiku-20241022-v1:0,False,6,6,0,5.0,5682
file_section_009,keyword_top_5,us.anthropic.claude-3-5-haiku-20241022-v1:0,True,3,1,0,5.0,2820
file_summary_010,keyword_top_5,us.anthropic.claude-3-5-haiku-20241022-v1:0,False,6,6,0,5.0,5241
file_extract_011,keyword_top_5,us.anthropic.claude-3-5-haiku-20241022-v1:0,False,6,6,0,5.0,5574
file_section_012,keyword_top_5,us.anthropic.claude-3-5-haiku-20241022-v1:0,False,5,5,0,5.0,4803
file_summary_013,keyword_top_5,us.anthropic.claude-3-5-haiku-20241022-v1:0,False,6,6,0,5.0,5594
file_extract_014,keyword_top_5,us.anthropic.claude-3-5-haiku-20241022-v1:0,False,6,6,0,5.0,5681
file_section_015,keyword_top_5,us.anthropic.claude-3-5-haiku-20241022-v1:0,False,6,6,0,5.0,5564
file_summary_016,keyword_top_5,us.anthropic.claude-3-5-haiku-20241022-v1:0,False,2,2,0,5.0,1995
file_extract_017,keyword_top_5,us.anthropic.claude-3-5-haiku-20241022-v1:0,True,3,1,0,5.0,2885
file_section_018,keyword_top_5,us.anthropic.claude-3-5-haiku-20241022-v1:0,True,3,1,0,5.0,2811
file_summary_019,keyword_top_5,us.anthropic.claude-3-5-haiku-20241022-v1:0,False,6,6,0,5.0,5404
file_extract_020,keyword_top_5,us.anthropic.claude-3-5-haiku-20241022-v1:0,False,1,1,0,5.0,1123
file_section_021,keyword_top_5,us.anthropic.claude-3-5-haiku-20241022-v1:0,False,6,6,0,5.0,5566
file_summary_022,keyword_top_5,us.anthropic.claude-3-5-haiku-20241022-v1:0,False,5,5,0,5.0,4568
file_extract_023,keyword_top_5,us.anthropic.claude-3-5-haiku-20241022-v1:0,False,6,6,0,5.0,5682
file_section_024,keyword_top_5,us.anthropic.claude-3-5-haiku-20241022-v1:0,True,3,1,0,5.0,2782
file_summary_025,keyword_top_5,us.anthropic.claude-3-5-haiku-20241022-v1:0,False,6,6,0,5.0,5256
file_extract_026,keyword_top_5,us.anthropic.claude-3-5-haiku-20241022-v1:0,False,6,6,0,5.0,5569
file_section_027,keyword_top_5,us.anthropic.claude-3-5-haiku-20241022-v1:0,False,6,6,0,5.0,5532
file_summary_028,keyword_top_5,us.anthropic.claude-3-5-haiku-20241022-v1:0,False,6,6,0,5.0,5596
file_extract_029,keyword_top_5,us.anthropic.claude-3-5-haiku-20241022-v1:0,False,6,6,0,5.0,5681
file_section_030,keyword_top_5,us.anthropic.claude-3-5-haiku-20241022-v1:0,True,3,1,0,5.0,2835
file_summary_031,keyword_top_5,us.anthropic.claude-3-5-haiku-20241022-v1:0,False,6,6,0,5.0,5420
file_extract_032,keyword_top_5,us.anthropic.claude-3-5-haiku-20241022-v1:0,False,6,6,0,5.0,5655
file_section_033,keyword_top_5,us.anthropic.claude-3-5-haiku-20241022-v1:0,True,3,1,0,5.0,2807
calendar_move_000,keyword_top_10,us.anthropic.claude-3-5-haiku-20241022-v1:0,True,2,0,0,10.0,2746
calendar_summarize_001,keyword_top_10,us.anthropic.claude-3-5-haiku-20241022-v1:0,False,3,1,0,10.0,4151
calendar_invite_002,keyword_top_10,us.anthropic.claude-3-5-haiku-20241022-v1:0,False,6,5,0,10.0,8145
calendar_move_003,keyword_top_10,us.anthropic.claude-3-5-haiku-20241022-v1:0,True,2,0,0,10.0,2741
calendar_summarize_004,keyword_top_10,us.anthropic.claude-3-5-haiku-20241022-v1:0,False,6,4,0,10.0,7939
calendar_invite_005,keyword_top_10,us.anthropic.claude-3-5-haiku-20241022-v1:0,False,6,5,0,10.0,8145
calendar_move_006,keyword_top_10,us.anthropic.claude-3-5-haiku-20241022-v1:0,True,2,0,0,10.0,2738
calendar_summarize_007,keyword_top_10,us.anthropic.claude-3-5-haiku-20241022-v1:0,False,6,4,0,10.0,7939
calendar_invite_008,keyword_top_10,us.anthropic.claude-3-5-haiku-20241022-v1:0,False,6,5,0,10.0,8145
calendar_move_009,keyword_top_10,us.anthropic.claude-3-5-haiku-20241022-v1:0,True,2,0,0,10.0,2735
calendar_summarize_010,keyword_top_10,us.anthropic.claude-3-5-haiku-20241022-v1:0,False,6,4,0,10.0,7957
calendar_invite_011,keyword_top_10,us.anthropic.claude-3-5-haiku-20241022-v1:0,False,6,5,0,10.0,8145
calendar_move_012,keyword_top_10,us.anthropic.claude-3-5-haiku-20241022-v1:0,True,2,0,0,10.0,2739
calendar_summarize_013,keyword_top_10,us.anthropic.claude-3-5-haiku-20241022-v1:0,False,3,1,0,10.0,4158
calendar_invite_014,keyword_top_10,us.anthropic.claude-3-5-haiku-20241022-v1:0,False,6,5,0,10.0,8185
calendar_move_015,keyword_top_10,us.anthropic.claude-3-5-haiku-20241022-v1:0,True,2,0,0,10.0,2761
calendar_summarize_016,keyword_top_10,us.anthropic.claude-3-5-haiku-20241022-v1:0,False,6,4,0,10.0,7939
calendar_invite_017,keyword_top_10,us.anthropic.claude-3-5-haiku-20241022-v1:0,False,6,5,0,10.0,8185
calendar_move_018,keyword_top_10,us.anthropic.claude-3-5-haiku-20241022-v1:0,True,2,0,0,10.0,2741
calendar_summarize_019,keyword_top_10,us.anthropic.claude-3-5-haiku-20241022-v1:0,False,6,4,0,10.0,7939
calendar_invite_020,keyword_top_10,us.anthropic.claude-3-5-haiku-20241022-v1:0,False,6,5,0,10.0,8145
calendar_move_021,keyword_top_10,us.anthropic.claude-3-5-haiku-20241022-v1:0,True,2,0,0,10.0,2738
calendar_summarize_022,keyword_top_10,us.anthropic.claude-3-5-haiku-20241022-v1:0,False,6,4,0,10.0,7957
calendar_invite_023,keyword_top_10,us.anthropic.claude-3-5-haiku-20241022-v1:0,False,6,5,0,10.0,8145
calendar_move_024,keyword_top_10,us.anthropic.claude-3-5-haiku-20241022-v1:0,True,2,0,0,10.0,2735
calendar_summarize_025,keyword_top_10,us.anthropic.claude-3-5-haiku-20241022-v1:0,False,6,4,0,10.0,7952
calendar_invite_026,keyword_top_10,us.anthropic.claude-3-5-haiku-20241022-v1:0,False,6,5,0,10.0,8185
calendar_move_027,keyword_top_10,us.anthropic.claude-3-5-haiku-20241022-v1:0,True,2,0,0,10.0,2739
calendar_summarize_028,keyword_top_10,us.anthropic.claude-3-5-haiku-20241022-v1:0,False,6,4,0,10.0,7939
calendar_invite_029,keyword_top_10,us.anthropic.claude-3-5-haiku-20241022-v1:0,False,6,5,0,10.0,8185
calendar_move_030,keyword_top_10,us.anthropic.claude-3-5-haiku-20241022-v1:0,True,2,0,0,10.0,2745
calendar_summarize_031,keyword_top_10,us.anthropic.claude-3-5-haiku-20241022-v1:0,False,6,4,0,10.0,7948
calendar_invite_032,keyword_top_10,us.anthropic.claude-3-5-haiku-20241022-v1:0,False,6,5,0,10.0,8145
calendar_move_033,keyword_top_10,us.anthropic.claude-3-5-haiku-20241022-v1:0,True,2,0,0,10.0,2741
email_draft_000,keyword_top_10,us.anthropic.claude-3-5-haiku-20241022-v1:0,False,6,6,0,10.0,7875
email_summarize_001,keyword_top_10,us.anthropic.claude-3-5-haiku-20241022-v1:0,False,6,6,0,10.0,7793
email_deadline_002,keyword_top_10,us.anthropic.claude-3-5-haiku-20241022-v1:0,True,3,1,0,10.0,3930
email_draft_003,keyword_top_10,us.anthropic.claude-3-5-haiku-20241022-v1:0,False,6,6,0,10.0,7955
email_summarize_004,keyword_top_10,us.anthropic.claude-3-5-haiku-20241022-v1:0,True,3,1,0,10.0,3870
email_deadline_005,keyword_top_10,us.anthropic.claude-3-5-haiku-20241022-v1:0,True,3,1,0,10.0,3933
email_draft_006,keyword_top_10,us.anthropic.claude-3-5-haiku-20241022-v1:0,False,6,6,0,10.0,8210
email_summarize_007,keyword_top_10,us.anthropic.claude-3-5-haiku-20241022-v1:0,True,3,1,0,10.0,3941
email_deadline_008,keyword_top_10,us.anthropic.claude-3-5-haiku-20241022-v1:0,True,3,1,0,10.0,3897
email_draft_009,keyword_top_10,us.anthropic.claude-3-5-haiku-20241022-v1:0,False,6,6,0,10.0,7875
email_summarize_010,keyword_top_10,us.anthropic.claude-3-5-haiku-20241022-v1:0,True,3,1,0,10.0,3858
email_deadline_011,keyword_top_10,us.anthropic.claude-3-5-haiku-20241022-v1:0,True,3,1,0,10.0,3938
email_draft_012,keyword_top_10,us.anthropic.claude-3-5-haiku-20241022-v1:0,False,6,6,0,10.0,8110
email_summarize_013,keyword_top_10,us.anthropic.claude-3-5-haiku-20241022-v1:0,False,6,6,0,10.0,7811
email_deadline_014,keyword_top_10,us.anthropic.claude-3-5-haiku-20241022-v1:0,True,3,1,0,10.0,3941
email_draft_015,keyword_top_10,us.anthropic.claude-3-5-haiku-20241022-v1:0,False,6,6,0,10.0,7960
email_summarize_016,keyword_top_10,us.anthropic.claude-3-5-haiku-20241022-v1:0,False,6,6,0,10.0,7978
email_deadline_017,keyword_top_10,us.anthropic.claude-3-5-haiku-20241022-v1:0,True,3,1,0,10.0,3913
email_draft_018,keyword_top_10,us.anthropic.claude-3-5-haiku-20241022-v1:0,False,6,6,0,10.0,8094
email_summarize_019,keyword_top_10,us.anthropic.claude-3-5-haiku-20241022-v1:0,True,3,1,0,10.0,3854
email_deadline_020,keyword_top_10,us.anthropic.claude-3-5-haiku-20241022-v1:0,True,3,1,0,10.0,3949
email_draft_021,keyword_top_10,us.anthropic.claude-3-5-haiku-20241022-v1:0,False,6,6,0,10.0,8114
email_summarize_022,keyword_top_10,us.anthropic.claude-3-5-haiku-20241022-v1:0,True,3,1,0,10.0,3957
email_deadline_023,keyword_top_10,us.anthropic.claude-3-5-haiku-20241022-v1:0,True,3,1,0,10.0,3897
email_draft_024,keyword_top_10,us.anthropic.claude-3-5-haiku-20241022-v1:0,False,6,6,0,10.0,7875
email_summarize_025,keyword_top_10,us.anthropic.claude-3-5-haiku-20241022-v1:0,True,3,1,0,10.0,3856
email_deadline_026,keyword_top_10,us.anthropic.claude-3-5-haiku-20241022-v1:0,True,3,1,0,10.0,3941
email_draft_027,keyword_top_10,us.anthropic.claude-3-5-haiku-20241022-v1:0,False,6,6,0,10.0,8164
email_summarize_028,keyword_top_10,us.anthropic.claude-3-5-haiku-20241022-v1:0,False,6,6,0,10.0,7821
email_deadline_029,keyword_top_10,us.anthropic.claude-3-5-haiku-20241022-v1:0,True,3,1,0,10.0,3941
email_draft_030,keyword_top_10,us.anthropic.claude-3-5-haiku-20241022-v1:0,False,6,6,0,10.0,7960
email_summarize_031,keyword_top_10,us.anthropic.claude-3-5-haiku-20241022-v1:0,True,3,1,0,10.0,3907
email_deadline_032,keyword_top_10,us.anthropic.claude-3-5-haiku-20241022-v1:0,True,3,1,0,10.0,3896
email_draft_033,keyword_top_10,us.anthropic.claude-3-5-haiku-20241022-v1:0,False,3,3,0,10.0,4199
file_section_000,keyword_top_10,us.anthropic.claude-3-5-haiku-20241022-v1:0,False,6,6,0,10.0,7863
file_summary_001,keyword_top_10,us.anthropic.claude-3-5-haiku-20241022-v1:0,False,6,6,0,10.0,8039
file_extract_002,keyword_top_10,us.anthropic.claude-3-5-haiku-20241022-v1:0,False,6,6,0,10.0,7786
file_section_003,keyword_top_10,us.anthropic.claude-3-5-haiku-20241022-v1:0,False,6,6,0,10.0,7759
file_summary_004,keyword_top_10,us.anthropic.claude-3-5-haiku-20241022-v1:0,False,6,6,0,10.0,7950
file_extract_005,keyword_top_10,us.anthropic.claude-3-5-haiku-20241022-v1:0,False,6,6,0,10.0,7885
file_section_006,keyword_top_10,us.anthropic.claude-3-5-haiku-20241022-v1:0,True,3,1,0,10.0,4031
file_summary_007,keyword_top_10,us.anthropic.claude-3-5-haiku-20241022-v1:0,False,6,6,0,10.0,7608
file_extract_008,keyword_top_10,us.anthropic.claude-3-5-haiku-20241022-v1:0,False,3,2,0,10.0,4148
file_section_009,keyword_top_10,us.anthropic.claude-3-5-haiku-20241022-v1:0,True,3,1,0,10.0,4086
file_summary_010,keyword_top_10,us.anthropic.claude-3-5-haiku-20241022-v1:0,False,6,6,0,10.0,7614
file_extract_011,keyword_top_10,us.anthropic.claude-3-5-haiku-20241022-v1:0,False,5,5,0,10.0,6710
file_section_012,keyword_top_10,us.anthropic.claude-3-5-haiku-20241022-v1:0,False,6,6,0,10.0,7673
file_summary_013,keyword_top_10,us.anthropic.claude-3-5-haiku-20241022-v1:0,False,2,2,0,10.0,2753
file_extract_014,keyword_top_10,us.anthropic.claude-3-5-haiku-20241022-v1:0,False,6,6,0,10.0,7795
file_section_015,keyword_top_10,us.anthropic.claude-3-5-haiku-20241022-v1:0,False,3,3,0,10.0,4139
file_summary_016,keyword_top_10,us.anthropic.claude-3-5-haiku-20241022-v1:0,False,6,6,0,10.0,7589
file_extract_017,keyword_top_10,us.anthropic.claude-3-5-haiku-20241022-v1:0,False,6,6,0,10.0,7771
file_section_018,keyword_top_10,us.anthropic.claude-3-5-haiku-20241022-v1:0,False,6,6,0,10.0,7984
file_summary_019,keyword_top_10,us.anthropic.claude-3-5-haiku-20241022-v1:0,False,6,6,0,10.0,7915
file_extract_020,keyword_top_10,us.anthropic.claude-3-5-haiku-20241022-v1:0,False,6,6,0,10.0,7890
file_section_021,keyword_top_10,us.anthropic.claude-3-5-haiku-20241022-v1:0,True,3,1,0,10.0,4010
file_summary_022,keyword_top_10,us.anthropic.claude-3-5-haiku-20241022-v1:0,False,6,6,0,10.0,7621
file_extract_023,keyword_top_10,us.anthropic.claude-3-5-haiku-20241022-v1:0,False,6,6,0,10.0,7761
file_section_024,keyword_top_10,us.anthropic.claude-3-5-haiku-20241022-v1:0,False,6,6,0,10.0,7792
file_summary_025,keyword_top_10,us.anthropic.claude-3-5-haiku-20241022-v1:0,False,3,3,0,10.0,4014
file_extract_026,keyword_top_10,us.anthropic.claude-3-5-haiku-20241022-v1:0,False,6,6,0,10.0,7826
file_section_027,keyword_top_10,us.anthropic.claude-3-5-haiku-20241022-v1:0,False,6,6,0,10.0,7698
file_summary_028,keyword_top_10,us.anthropic.claude-3-5-haiku-20241022-v1:0,False,6,6,0,10.0,7935
file_extract_029,keyword_top_10,us.anthropic.claude-3-5-haiku-20241022-v1:0,False,6,6,0,10.0,7790
file_section_030,keyword_top_10,us.anthropic.claude-3-5-haiku-20241022-v1:0,False,1,1,0,10.0,1499
file_summary_031,keyword_top_10,us.anthropic.claude-3-5-haiku-20241022-v1:0,False,6,6,0,10.0,7579
file_extract_032,keyword_top_10,us.anthropic.claude-3-5-haiku-20241022-v1:0,False,6,6,0,10.0,7786
file_section_033,keyword_top_10,us.anthropic.claude-3-5-haiku-20241022-v1:0,False,6,6,0,10.0,7979
calendar_move_000,state_aware,us.anthropic.claude-3-5-haiku-20241022-v1:0,True,2,0,0,6.5,2130
calendar_summarize_001,state_aware,us.anthropic.claude-3-5-haiku-20241022-v1:0,False,6,5,0,4.666666666666667,5091
calendar_invite_002,state_aware,us.anthropic.claude-3-5-haiku-20241022-v1:0,False,6,5,0,6.5,6127
calendar_move_003,state_aware,us.anthropic.claude-3-5-haiku-20241022-v1:0,True,2,0,0,6.5,2090
calendar_summarize_004,state_aware,us.anthropic.claude-3-5-haiku-20241022-v1:0,False,6,5,0,4.666666666666667,5091
calendar_invite_005,state_aware,us.anthropic.claude-3-5-haiku-20241022-v1:0,False,2,1,0,5.5,2068
calendar_move_006,state_aware,us.anthropic.claude-3-5-haiku-20241022-v1:0,True,2,0,0,6.5,2065
calendar_summarize_007,state_aware,us.anthropic.claude-3-5-haiku-20241022-v1:0,False,6,5,0,4.666666666666667,5296
calendar_invite_008,state_aware,us.anthropic.claude-3-5-haiku-20241022-v1:0,False,6,5,0,6.5,6127
calendar_move_009,state_aware,us.anthropic.claude-3-5-haiku-20241022-v1:0,True,2,0,0,6.5,2078
calendar_summarize_010,state_aware,us.anthropic.claude-3-5-haiku-20241022-v1:0,False,6,5,0,4.666666666666667,5296
calendar_invite_011,state_aware,us.anthropic.claude-3-5-haiku-20241022-v1:0,False,6,5,0,6.5,6082
calendar_move_012,state_aware,us.anthropic.claude-3-5-haiku-20241022-v1:0,True,2,0,0,6.5,2090
calendar_summarize_013,state_aware,us.anthropic.claude-3-5-haiku-20241022-v1:0,False,6,5,0,4.666666666666667,5091
calendar_invite_014,state_aware,us.anthropic.claude-3-5-haiku-20241022-v1:0,False,6,5,0,6.5,6127
calendar_move_015,state_aware,us.anthropic.claude-3-5-haiku-20241022-v1:0,False,1,1,0,5.0,1108
calendar_summarize_016,state_aware,us.anthropic.claude-3-5-haiku-20241022-v1:0,False,6,5,0,4.666666666666667,5101
calendar_invite_017,state_aware,us.anthropic.claude-3-5-haiku-20241022-v1:0,False,6,5,0,6.5,6082
calendar_move_018,state_aware,us.anthropic.claude-3-5-haiku-20241022-v1:0,True,2,0,0,6.5,2157
calendar_summarize_019,state_aware,us.anthropic.claude-3-5-haiku-20241022-v1:0,False,6,5,0,4.666666666666667,5296
calendar_invite_020,state_aware,us.anthropic.claude-3-5-haiku-20241022-v1:0,False,6,5,0,6.5,6127
calendar_move_021,state_aware,us.anthropic.claude-3-5-haiku-20241022-v1:0,True,2,0,0,6.5,2065
calendar_summarize_022,state_aware,us.anthropic.claude-3-5-haiku-20241022-v1:0,False,6,5,0,4.666666666666667,5126
calendar_invite_023,state_aware,us.anthropic.claude-3-5-haiku-20241022-v1:0,False,6,5,0,6.5,6082
calendar_move_024,state_aware,us.anthropic.claude-3-5-haiku-20241022-v1:0,True,2,0,0,6.5,2078
calendar_summarize_025,state_aware,us.anthropic.claude-3-5-haiku-20241022-v1:0,False,6,5,0,4.666666666666667,5296
calendar_invite_026,state_aware,us.anthropic.claude-3-5-haiku-20241022-v1:0,False,6,5,0,6.5,6127
calendar_move_027,state_aware,us.anthropic.claude-3-5-haiku-20241022-v1:0,True,2,0,0,6.5,2107
calendar_summarize_028,state_aware,us.anthropic.claude-3-5-haiku-20241022-v1:0,False,6,5,0,4.666666666666667,5111
calendar_invite_029,state_aware,us.anthropic.claude-3-5-haiku-20241022-v1:0,False,6,5,0,6.5,6127
calendar_move_030,state_aware,us.anthropic.claude-3-5-haiku-20241022-v1:0,True,2,0,0,6.5,2073
calendar_summarize_031,state_aware,us.anthropic.claude-3-5-haiku-20241022-v1:0,False,6,5,0,4.666666666666667,5096
calendar_invite_032,state_aware,us.anthropic.claude-3-5-haiku-20241022-v1:0,False,6,5,0,6.5,6082
calendar_move_033,state_aware,us.anthropic.claude-3-5-haiku-20241022-v1:0,True,2,0,0,6.5,2090
email_draft_000,state_aware,us.anthropic.claude-3-5-haiku-20241022-v1:0,False,6,5,0,6.333333333333333,6012
email_summarize_001,state_aware,us.anthropic.claude-3-5-haiku-20241022-v1:0,True,3,0,0,6.333333333333333,2937
email_deadline_002,state_aware,us.anthropic.claude-3-5-haiku-20241022-v1:0,False,2,1,0,5.0,1983
email_draft_003,state_aware,us.anthropic.claude-3-5-haiku-20241022-v1:0,False,6,5,0,6.333333333333333,6007
email_summarize_004,state_aware,us.anthropic.claude-3-5-haiku-20241022-v1:0,True,3,0,0,6.333333333333333,2958
email_deadline_005,state_aware,us.anthropic.claude-3-5-haiku-20241022-v1:0,True,3,0,0,6.333333333333333,2984
email_draft_006,state_aware,us.anthropic.claude-3-5-haiku-20241022-v1:0,False,6,5,0,6.333333333333333,6034
email_summarize_007,state_aware,us.anthropic.claude-3-5-haiku-20241022-v1:0,True,3,0,0,6.333333333333333,2980
email_deadline_008,state_aware,us.anthropic.claude-3-5-haiku-20241022-v1:0,True,3,0,0,6.333333333333333,2992
email_draft_009,state_aware,us.anthropic.claude-3-5-haiku-20241022-v1:0,False,6,5,0,6.333333333333333,6018
email_summarize_010,state_aware,us.anthropic.claude-3-5-haiku-20241022-v1:0,True,3,0,0,6.333333333333333,2938
email_deadline_011,state_aware,us.anthropic.claude-3-5-haiku-20241022-v1:0,True,3,0,0,6.333333333333333,2987
email_draft_012,state_aware,us.anthropic.claude-3-5-haiku-20241022-v1:0,False,6,5,0,6.333333333333333,6058
email_summarize_013,state_aware,us.anthropic.claude-3-5-haiku-20241022-v1:0,True,3,0,0,6.333333333333333,2961
email_deadline_014,state_aware,us.anthropic.claude-3-5-haiku-20241022-v1:0,True,3,0,0,6.333333333333333,3009
email_draft_015,state_aware,us.anthropic.claude-3-5-haiku-20241022-v1:0,False,6,5,0,6.333333333333333,5972
email_summarize_016,state_aware,us.anthropic.claude-3-5-haiku-20241022-v1:0,True,3,0,0,6.333333333333333,2946
email_deadline_017,state_aware,us.anthropic.claude-3-5-haiku-20241022-v1:0,True,3,0,0,6.333333333333333,3004
email_draft_018,state_aware,us.anthropic.claude-3-5-haiku-20241022-v1:0,False,6,5,0,6.333333333333333,6052
email_summarize_019,state_aware,us.anthropic.claude-3-5-haiku-20241022-v1:0,True,3,0,0,6.333333333333333,2956
email_deadline_020,state_aware,us.anthropic.claude-3-5-haiku-20241022-v1:0,True,3,0,0,6.333333333333333,2984
email_draft_021,state_aware,us.anthropic.claude-3-5-haiku-20241022-v1:0,False,6,5,0,6.333333333333333,6033
email_summarize_022,state_aware,us.anthropic.claude-3-5-haiku-20241022-v1:0,True,3,0,0,6.333333333333333,3005
email_deadline_023,state_aware,us.anthropic.claude-3-5-haiku-20241022-v1:0,True,3,0,0,6.333333333333333,2991
email_draft_024,state_aware,us.anthropic.claude-3-5-haiku-20241022-v1:0,False,6,5,0,6.333333333333333,6033
email_summarize_025,state_aware,us.anthropic.claude-3-5-haiku-20241022-v1:0,True,3,0,0,6.333333333333333,2938
email_deadline_026,state_aware,us.anthropic.claude-3-5-haiku-20241022-v1:0,True,3,0,0,6.333333333333333,2989
email_draft_027,state_aware,us.anthropic.claude-3-5-haiku-20241022-v1:0,False,2,1,0,5.0,2023
email_summarize_028,state_aware,us.anthropic.claude-3-5-haiku-20241022-v1:0,True,3,0,0,6.333333333333333,2961
email_deadline_029,state_aware,us.anthropic.claude-3-5-haiku-20241022-v1:0,True,3,0,0,6.333333333333333,3011
email_draft_030,state_aware,us.anthropic.claude-3-5-haiku-20241022-v1:0,False,6,5,0,6.333333333333333,6012
email_summarize_031,state_aware,us.anthropic.claude-3-5-haiku-20241022-v1:0,True,3,0,0,6.333333333333333,2949
email_deadline_032,state_aware,us.anthropic.claude-3-5-haiku-20241022-v1:0,False,2,1,0,5.0,1851
email_draft_033,state_aware,us.anthropic.claude-3-5-haiku-20241022-v1:0,False,6,5,0,6.333333333333333,6052
file_section_000,state_aware,us.anthropic.claude-3-5-haiku-20241022-v1:0,False,6,6,0,4.666666666666667,5119
file_summary_001,state_aware,us.anthropic.claude-3-5-haiku-20241022-v1:0,False,6,6,0,4.666666666666667,5029
file_extract_002,state_aware,us.anthropic.claude-3-5-haiku-20241022-v1:0,False,6,6,0,4.666666666666667,5024
file_section_003,state_aware,us.anthropic.claude-3-5-haiku-20241022-v1:0,False,6,6,0,4.666666666666667,5174
file_summary_004,state_aware,us.anthropic.claude-3-5-haiku-20241022-v1:0,False,6,6,0,4.666666666666667,5034
file_extract_005,state_aware,us.anthropic.claude-3-5-haiku-20241022-v1:0,False,6,6,0,4.666666666666667,5078
file_section_006,state_aware,us.anthropic.claude-3-5-haiku-20241022-v1:0,True,3,1,0,5.333333333333333,2801
file_summary_007,state_aware,us.anthropic.claude-3-5-haiku-20241022-v1:0,False,6,6,0,4.666666666666667,5015
file_extract_008,state_aware,us.anthropic.claude-3-5-haiku-20241022-v1:0,False,6,6,0,4.666666666666667,5035
file_section_009,state_aware,us.anthropic.claude-3-5-haiku-20241022-v1:0,True,3,1,0,5.333333333333333,2761
file_summary_010,state_aware,us.anthropic.claude-3-5-haiku-20241022-v1:0,False,6,6,0,4.666666666666667,5037
file_extract_011,state_aware,us.anthropic.claude-3-5-haiku-20241022-v1:0,False,6,6,0,4.666666666666667,5115
file_section_012,state_aware,us.anthropic.claude-3-5-haiku-20241022-v1:0,False,6,6,0,4.666666666666667,5037
file_summary_013,state_aware,us.anthropic.claude-3-5-haiku-20241022-v1:0,False,6,6,0,4.666666666666667,5057
file_extract_014,state_aware,us.anthropic.claude-3-5-haiku-20241022-v1:0,False,6,6,0,4.666666666666667,5022
file_section_015,state_aware,us.anthropic.claude-3-5-haiku-20241022-v1:0,False,6,6,0,4.666666666666667,5069
file_summary_016,state_aware,us.anthropic.claude-3-5-haiku-20241022-v1:0,False,6,6,0,4.666666666666667,5064
file_extract_017,state_aware,us.anthropic.claude-3-5-haiku-20241022-v1:0,False,6,6,0,4.666666666666667,5029
file_section_018,state_aware,us.anthropic.claude-3-5-haiku-20241022-v1:0,False,6,6,0,4.666666666666667,5084
file_summary_019,state_aware,us.anthropic.claude-3-5-haiku-20241022-v1:0,False,6,6,0,4.666666666666667,5019
file_extract_020,state_aware,us.anthropic.claude-3-5-haiku-20241022-v1:0,False,6,6,0,4.666666666666667,5078
file_section_021,state_aware,us.anthropic.claude-3-5-haiku-20241022-v1:0,True,3,1,0,5.333333333333333,2801
file_summary_022,state_aware,us.anthropic.claude-3-5-haiku-20241022-v1:0,False,6,6,0,4.666666666666667,5125
file_extract_023,state_aware,us.anthropic.claude-3-5-haiku-20241022-v1:0,False,6,6,0,4.666666666666667,5035
file_section_024,state_aware,us.anthropic.claude-3-5-haiku-20241022-v1:0,False,6,6,0,4.666666666666667,5012
file_summary_025,state_aware,us.anthropic.claude-3-5-haiku-20241022-v1:0,False,6,6,0,4.666666666666667,5042
file_extract_026,state_aware,us.anthropic.claude-3-5-haiku-20241022-v1:0,False,6,6,0,4.666666666666667,5050
file_section_027,state_aware,us.anthropic.claude-3-5-haiku-20241022-v1:0,False,6,6,0,4.666666666666667,5052
file_summary_028,state_aware,us.anthropic.claude-3-5-haiku-20241022-v1:0,False,6,6,0,4.666666666666667,5052
file_extract_029,state_aware,us.anthropic.claude-3-5-haiku-20241022-v1:0,False,6,6,0,4.666666666666667,5082
file_section_030,state_aware,us.anthropic.claude-3-5-haiku-20241022-v1:0,True,3,1,0,5.333333333333333,2779
file_summary_031,state_aware,us.anthropic.claude-3-5-haiku-20241022-v1:0,False,6,6,0,4.666666666666667,5029
file_extract_032,state_aware,us.anthropic.claude-3-5-haiku-20241022-v1:0,False,6,6,0,4.666666666666667,5024
file_section_033,state_aware,us.anthropic.claude-3-5-haiku-20241022-v1:0,False,6,6,0,4.666666666666667,5064
calendar_move_000,full_causal_path,us.anthropic.claude-3-5-haiku-20241022-v1:0,True,2,0,0,1.5,1354
calendar_summarize_001,full_causal_path,us.anthropic.claude-3-5-haiku-20241022-v1:0,True,3,0,0,2.0,2059
calendar_invite_002,full_causal_path,us.anthropic.claude-3-5-haiku-20241022-v1:0,True,2,0,0,1.5,1363
calendar_move_003,full_causal_path,us.anthropic.claude-3-5-haiku-20241022-v1:0,True,2,0,0,1.5,1397
calendar_summarize_004,full_causal_path,us.anthropic.claude-3-5-haiku-20241022-v1:0,True,3,0,0,2.0,2062
calendar_invite_005,full_causal_path,us.anthropic.claude-3-5-haiku-20241022-v1:0,True,2,0,0,1.5,1363
calendar_move_006,full_causal_path,us.anthropic.claude-3-5-haiku-20241022-v1:0,True,2,0,0,1.5,1350
calendar_summarize_007,full_causal_path,us.anthropic.claude-3-5-haiku-20241022-v1:0,True,3,0,0,2.0,2059
calendar_invite_008,full_causal_path,us.anthropic.claude-3-5-haiku-20241022-v1:0,True,2,0,0,1.5,1363
calendar_move_009,full_causal_path,us.anthropic.claude-3-5-haiku-20241022-v1:0,True,2,0,0,1.5,1359
calendar_summarize_010,full_causal_path,us.anthropic.claude-3-5-haiku-20241022-v1:0,True,3,0,0,2.0,2058
calendar_invite_011,full_causal_path,us.anthropic.claude-3-5-haiku-20241022-v1:0,True,2,0,0,1.5,1363
calendar_move_012,full_causal_path,us.anthropic.claude-3-5-haiku-20241022-v1:0,True,2,0,0,1.5,1383
calendar_summarize_013,full_causal_path,us.anthropic.claude-3-5-haiku-20241022-v1:0,True,3,0,0,2.0,2062
calendar_invite_014,full_causal_path,us.anthropic.claude-3-5-haiku-20241022-v1:0,True,2,0,0,1.5,1348
calendar_move_015,full_causal_path,us.anthropic.claude-3-5-haiku-20241022-v1:0,True,2,0,0,1.5,1354
calendar_summarize_016,full_causal_path,us.anthropic.claude-3-5-haiku-20241022-v1:0,True,3,0,0,2.0,2058
calendar_invite_017,full_causal_path,us.anthropic.claude-3-5-haiku-20241022-v1:0,True,2,0,0,1.5,1368
calendar_move_018,full_causal_path,us.anthropic.claude-3-5-haiku-20241022-v1:0,True,2,0,0,1.5,1397
calendar_summarize_019,full_causal_path,us.anthropic.claude-3-5-haiku-20241022-v1:0,True,3,0,0,2.0,2061
calendar_invite_020,full_causal_path,us.anthropic.claude-3-5-haiku-20241022-v1:0,True,2,0,0,1.5,1368
calendar_move_021,full_causal_path,us.anthropic.claude-3-5-haiku-20241022-v1:0,True,2,0,0,1.5,1350
calendar_summarize_022,full_causal_path,us.anthropic.claude-3-5-haiku-20241022-v1:0,True,3,0,0,2.0,2058
calendar_invite_023,full_causal_path,us.anthropic.claude-3-5-haiku-20241022-v1:0,True,2,0,0,1.5,1363
calendar_move_024,full_causal_path,us.anthropic.claude-3-5-haiku-20241022-v1:0,True,2,0,0,1.5,1359
calendar_summarize_025,full_causal_path,us.anthropic.claude-3-5-haiku-20241022-v1:0,True,3,0,0,2.0,2062
calendar_invite_026,full_causal_path,us.anthropic.claude-3-5-haiku-20241022-v1:0,True,2,0,0,1.5,1363
calendar_move_027,full_causal_path,us.anthropic.claude-3-5-haiku-20241022-v1:0,True,2,0,0,1.5,1383
calendar_summarize_028,full_causal_path,us.anthropic.claude-3-5-haiku-20241022-v1:0,True,3,0,0,2.0,2062
calendar_invite_029,full_causal_path,us.anthropic.claude-3-5-haiku-20241022-v1:0,True,2,0,0,1.5,1372
calendar_move_030,full_causal_path,us.anthropic.claude-3-5-haiku-20241022-v1:0,True,2,0,0,1.5,1379
calendar_summarize_031,full_causal_path,us.anthropic.claude-3-5-haiku-20241022-v1:0,True,3,0,0,2.0,2058
calendar_invite_032,full_causal_path,us.anthropic.claude-3-5-haiku-20241022-v1:0,True,2,0,0,1.5,1348
calendar_move_033,full_causal_path,us.anthropic.claude-3-5-haiku-20241022-v1:0,True,2,0,0,1.5,1397
email_draft_000,full_causal_path,us.anthropic.claude-3-5-haiku-20241022-v1:0,True,3,0,0,2.0,2182
email_summarize_001,full_causal_path,us.anthropic.claude-3-5-haiku-20241022-v1:0,True,3,0,0,2.0,2051
email_deadline_002,full_causal_path,us.anthropic.claude-3-5-haiku-20241022-v1:0,True,3,0,0,2.0,2065
email_draft_003,full_causal_path,us.anthropic.claude-3-5-haiku-20241022-v1:0,True,3,0,0,2.0,2184
email_summarize_004,full_causal_path,us.anthropic.claude-3-5-haiku-20241022-v1:0,True,3,0,0,2.0,2031
email_deadline_005,full_causal_path,us.anthropic.claude-3-5-haiku-20241022-v1:0,True,3,0,0,2.0,2065
email_draft_006,full_causal_path,us.anthropic.claude-3-5-haiku-20241022-v1:0,True,3,0,0,2.0,2153
email_summarize_007,full_causal_path,us.anthropic.claude-3-5-haiku-20241022-v1:0,True,3,0,0,2.0,2074
email_deadline_008,full_causal_path,us.anthropic.claude-3-5-haiku-20241022-v1:0,True,3,0,0,2.0,2041
email_draft_009,full_causal_path,us.anthropic.claude-3-5-haiku-20241022-v1:0,True,3,0,0,2.0,2157
email_summarize_010,full_causal_path,us.anthropic.claude-3-5-haiku-20241022-v1:0,True,3,0,0,2.0,2032
email_deadline_011,full_causal_path,us.anthropic.claude-3-5-haiku-20241022-v1:0,True,3,0,0,2.0,2057
email_draft_012,full_causal_path,us.anthropic.claude-3-5-haiku-20241022-v1:0,True,3,0,0,2.0,2241
email_summarize_013,full_causal_path,us.anthropic.claude-3-5-haiku-20241022-v1:0,True,3,0,0,2.0,2041
email_deadline_014,full_causal_path,us.anthropic.claude-3-5-haiku-20241022-v1:0,True,3,0,0,2.0,2109
email_draft_015,full_causal_path,us.anthropic.claude-3-5-haiku-20241022-v1:0,True,3,0,0,2.0,2182
email_summarize_016,full_causal_path,us.anthropic.claude-3-5-haiku-20241022-v1:0,True,3,0,0,2.0,2036
email_deadline_017,full_causal_path,us.anthropic.claude-3-5-haiku-20241022-v1:0,False,2,1,0,2.5,1644
email_draft_018,full_causal_path,us.anthropic.claude-3-5-haiku-20241022-v1:0,True,3,0,0,2.0,2195
email_summarize_019,full_causal_path,us.anthropic.claude-3-5-haiku-20241022-v1:0,False,1,1,0,3.0,943
email_deadline_020,full_causal_path,us.anthropic.claude-3-5-haiku-20241022-v1:0,True,3,0,0,2.0,2064
email_draft_021,full_causal_path,us.anthropic.claude-3-5-haiku-20241022-v1:0,False,1,1,0,3.0,926
email_summarize_022,full_causal_path,us.anthropic.claude-3-5-haiku-20241022-v1:0,True,3,0,0,2.0,2074
email_deadline_023,full_causal_path,us.anthropic.claude-3-5-haiku-20241022-v1:0,True,3,0,0,2.0,2076
email_draft_024,full_causal_path,us.anthropic.claude-3-5-haiku-20241022-v1:0,True,3,0,0,2.0,2158
email_summarize_025,full_causal_path,us.anthropic.claude-3-5-haiku-20241022-v1:0,True,3,0,0,2.0,2032
email_deadline_026,full_causal_path,us.anthropic.claude-3-5-haiku-20241022-v1:0,True,3,0,0,2.0,2062
email_draft_027,full_causal_path,us.anthropic.claude-3-5-haiku-20241022-v1:0,False,1,1,0,3.0,983
email_summarize_028,full_causal_path,us.anthropic.claude-3-5-haiku-20241022-v1:0,True,3,0,0,2.0,2041
email_deadline_029,full_causal_path,us.anthropic.claude-3-5-haiku-20241022-v1:0,True,3,0,0,2.0,2084
email_draft_030,full_causal_path,us.anthropic.claude-3-5-haiku-20241022-v1:0,True,3,0,0,2.0,2182
email_summarize_031,full_causal_path,us.anthropic.claude-3-5-haiku-20241022-v1:0,True,3,0,0,2.0,2047
email_deadline_032,full_causal_path,us.anthropic.claude-3-5-haiku-20241022-v1:0,True,3,0,0,2.0,2085
email_draft_033,full_causal_path,us.anthropic.claude-3-5-haiku-20241022-v1:0,True,3,0,0,2.0,2195
file_section_000,full_causal_path,us.anthropic.claude-3-5-haiku-20241022-v1:0,True,3,0,0,2.0,2176
file_summary_001,full_causal_path,us.anthropic.claude-3-5-haiku-20241022-v1:0,True,3,0,0,2.0,2026
file_extract_002,full_causal_path,us.anthropic.claude-3-5-haiku-20241022-v1:0,True,3,0,0,2.0,2114
file_section_003,full_causal_path,us.anthropic.claude-3-5-haiku-20241022-v1:0,True,3,0,0,2.0,2166
file_summary_004,full_causal_path,us.anthropic.claude-3-5-haiku-20241022-v1:0,True,3,0,0,2.0,2017
file_extract_005,full_causal_path,us.anthropic.claude-3-5-haiku-20241022-v1:0,False,3,1,0,2.0,2230
file_section_006,full_causal_path,us.anthropic.claude-3-5-haiku-20241022-v1:0,True,3,0,0,2.0,2136
file_summary_007,full_causal_path,us.anthropic.claude-3-5-haiku-20241022-v1:0,True,3,0,0,2.0,1986
file_extract_008,full_causal_path,us.anthropic.claude-3-5-haiku-20241022-v1:0,True,3,0,0,2.0,2119
file_section_009,full_causal_path,us.anthropic.claude-3-5-haiku-20241022-v1:0,True,3,0,0,2.0,2126
file_summary_010,full_causal_path,us.anthropic.claude-3-5-haiku-20241022-v1:0,True,3,0,0,2.0,2011
file_extract_011,full_causal_path,us.anthropic.claude-3-5-haiku-20241022-v1:0,True,3,0,0,2.0,2131
file_section_012,full_causal_path,us.anthropic.claude-3-5-haiku-20241022-v1:0,True,3,0,0,2.0,2105
file_summary_013,full_causal_path,us.anthropic.claude-3-5-haiku-20241022-v1:0,True,3,0,0,2.0,2020
file_extract_014,full_causal_path,us.anthropic.claude-3-5-haiku-20241022-v1:0,True,3,0,0,2.0,2120
file_section_015,full_causal_path,us.anthropic.claude-3-5-haiku-20241022-v1:0,True,3,0,0,2.0,2176
file_summary_016,full_causal_path,us.anthropic.claude-3-5-haiku-20241022-v1:0,True,3,0,0,2.0,2026
file_extract_017,full_causal_path,us.anthropic.claude-3-5-haiku-20241022-v1:0,True,3,0,0,2.0,2118
file_section_018,full_causal_path,us.anthropic.claude-3-5-haiku-20241022-v1:0,True,3,0,0,2.0,2168
file_summary_019,full_causal_path,us.anthropic.claude-3-5-haiku-20241022-v1:0,True,3,0,0,2.0,2009
file_extract_020,full_causal_path,us.anthropic.claude-3-5-haiku-20241022-v1:0,True,3,0,0,2.0,2138
file_section_021,full_causal_path,us.anthropic.claude-3-5-haiku-20241022-v1:0,True,3,0,0,2.0,2135
file_summary_022,full_causal_path,us.anthropic.claude-3-5-haiku-20241022-v1:0,True,3,0,0,2.0,1984
file_extract_023,full_causal_path,us.anthropic.claude-3-5-haiku-20241022-v1:0,True,3,0,0,2.0,2119
file_section_024,full_causal_path,us.anthropic.claude-3-5-haiku-20241022-v1:0,True,3,0,0,2.0,2125
file_summary_025,full_causal_path,us.anthropic.claude-3-5-haiku-20241022-v1:0,True,3,0,0,2.0,2019
file_extract_026,full_causal_path,us.anthropic.claude-3-5-haiku-20241022-v1:0,True,3,0,0,2.0,2131
file_section_027,full_causal_path,us.anthropic.claude-3-5-haiku-20241022-v1:0,True,3,0,0,2.0,2132
file_summary_028,full_causal_path,us.anthropic.claude-3-5-haiku-20241022-v1:0,True,3,0,0,2.0,2027
file_extract_029,full_causal_path,us.anthropic.claude-3-5-haiku-20241022-v1:0,True,3,0,0,2.0,2120
file_section_030,full_causal_path,us.anthropic.claude-3-5-haiku-20241022-v1:0,True,3,0,0,2.0,2176
file_summary_031,full_causal_path,us.anthropic.claude-3-5-haiku-20241022-v1:0,True,3,0,0,2.0,2025
file_extract_032,full_causal_path,us.anthropic.claude-3-5-haiku-20241022-v1:0,False,3,1,0,2.0,2242
file_section_033,full_causal_path,us.anthropic.claude-3-5-haiku-20241022-v1:0,True,3,0,0,2.0,2166
calendar_move_000,cmtf,us.anthropic.claude-3-5-haiku-20241022-v1:0,True,2,0,0,1.0,1262
calendar_summarize_001,cmtf,us.anthropic.claude-3-5-haiku-20241022-v1:0,True,3,0,0,1.0,1843
calendar_invite_002,cmtf,us.anthropic.claude-3-5-haiku-20241022-v1:0,True,2,0,0,1.0,1261
calendar_move_003,cmtf,us.anthropic.claude-3-5-haiku-20241022-v1:0,True,2,0,0,1.0,1275
calendar_summarize_004,cmtf,us.anthropic.claude-3-5-haiku-20241022-v1:0,True,3,0,0,1.0,1843
calendar_invite_005,cmtf,us.anthropic.claude-3-5-haiku-20241022-v1:0,True,2,0,0,1.0,1261
calendar_move_006,cmtf,us.anthropic.claude-3-5-haiku-20241022-v1:0,True,2,0,0,1.0,1255
calendar_summarize_007,cmtf,us.anthropic.claude-3-5-haiku-20241022-v1:0,True,3,0,0,1.0,1843
calendar_invite_008,cmtf,us.anthropic.claude-3-5-haiku-20241022-v1:0,True,2,0,0,1.0,1261
calendar_move_009,cmtf,us.anthropic.claude-3-5-haiku-20241022-v1:0,True,2,0,0,1.0,1269
calendar_summarize_010,cmtf,us.anthropic.claude-3-5-haiku-20241022-v1:0,True,3,0,0,1.0,1839
calendar_invite_011,cmtf,us.anthropic.claude-3-5-haiku-20241022-v1:0,True,2,0,0,1.0,1261
calendar_move_012,cmtf,us.anthropic.claude-3-5-haiku-20241022-v1:0,True,2,0,0,1.0,1259
calendar_summarize_013,cmtf,us.anthropic.claude-3-5-haiku-20241022-v1:0,False,1,1,0,1.0,667
calendar_invite_014,cmtf,us.anthropic.claude-3-5-haiku-20241022-v1:0,True,2,0,0,1.0,1246
calendar_move_015,cmtf,us.anthropic.claude-3-5-haiku-20241022-v1:0,True,2,0,0,1.0,1262
calendar_summarize_016,cmtf,us.anthropic.claude-3-5-haiku-20241022-v1:0,True,3,0,0,1.0,1839
calendar_invite_017,cmtf,us.anthropic.claude-3-5-haiku-20241022-v1:0,True,2,0,0,1.0,1266
calendar_move_018,cmtf,us.anthropic.claude-3-5-haiku-20241022-v1:0,True,2,0,0,1.0,1275
calendar_summarize_019,cmtf,us.anthropic.claude-3-5-haiku-20241022-v1:0,True,3,0,0,1.0,1842
calendar_invite_020,cmtf,us.anthropic.claude-3-5-haiku-20241022-v1:0,True,2,0,0,1.0,1266
calendar_move_021,cmtf,us.anthropic.claude-3-5-haiku-20241022-v1:0,True,2,0,0,1.0,1255
calendar_summarize_022,cmtf,us.anthropic.claude-3-5-haiku-20241022-v1:0,True,3,0,0,1.0,1839
calendar_invite_023,cmtf,us.anthropic.claude-3-5-haiku-20241022-v1:0,True,2,0,0,1.0,1261
calendar_move_024,cmtf,us.anthropic.claude-3-5-haiku-20241022-v1:0,True,2,0,0,1.0,1269
calendar_summarize_025,cmtf,us.anthropic.claude-3-5-haiku-20241022-v1:0,True,3,0,0,1.0,1843
calendar_invite_026,cmtf,us.anthropic.claude-3-5-haiku-20241022-v1:0,True,2,0,0,1.0,1261
calendar_move_027,cmtf,us.anthropic.claude-3-5-haiku-20241022-v1:0,True,2,0,0,1.0,1259
calendar_summarize_028,cmtf,us.anthropic.claude-3-5-haiku-20241022-v1:0,True,3,0,0,1.0,1843
calendar_invite_029,cmtf,us.anthropic.claude-3-5-haiku-20241022-v1:0,True,2,0,0,1.0,1270
calendar_move_030,cmtf,us.anthropic.claude-3-5-haiku-20241022-v1:0,True,2,0,0,1.0,1287
calendar_summarize_031,cmtf,us.anthropic.claude-3-5-haiku-20241022-v1:0,True,3,0,0,1.0,1826
calendar_invite_032,cmtf,us.anthropic.claude-3-5-haiku-20241022-v1:0,False,1,1,0,1.0,813
calendar_move_033,cmtf,us.anthropic.claude-3-5-haiku-20241022-v1:0,True,2,0,0,1.0,1275
email_draft_000,cmtf,us.anthropic.claude-3-5-haiku-20241022-v1:0,True,3,0,0,1.0,1928
email_summarize_001,cmtf,us.anthropic.claude-3-5-haiku-20241022-v1:0,True,3,0,0,1.0,1812
email_deadline_002,cmtf,us.anthropic.claude-3-5-haiku-20241022-v1:0,True,3,0,0,1.0,1851
email_draft_003,cmtf,us.anthropic.claude-3-5-haiku-20241022-v1:0,True,3,0,0,1.0,1950
email_summarize_004,cmtf,us.anthropic.claude-3-5-haiku-20241022-v1:0,True,3,0,0,1.0,1807
email_deadline_005,cmtf,us.anthropic.claude-3-5-haiku-20241022-v1:0,True,3,0,0,1.0,1815
email_draft_006,cmtf,us.anthropic.claude-3-5-haiku-20241022-v1:0,True,3,0,0,1.0,1923
email_summarize_007,cmtf,us.anthropic.claude-3-5-haiku-20241022-v1:0,True,3,0,0,1.0,1853
email_deadline_008,cmtf,us.anthropic.claude-3-5-haiku-20241022-v1:0,True,3,0,0,1.0,1826
email_draft_009,cmtf,us.anthropic.claude-3-5-haiku-20241022-v1:0,True,3,0,0,1.0,1927
email_summarize_010,cmtf,us.anthropic.claude-3-5-haiku-20241022-v1:0,True,3,0,0,1.0,1797
email_deadline_011,cmtf,us.anthropic.claude-3-5-haiku-20241022-v1:0,True,3,0,0,1.0,1815
email_draft_012,cmtf,us.anthropic.claude-3-5-haiku-20241022-v1:0,True,3,0,0,1.0,2011
email_summarize_013,cmtf,us.anthropic.claude-3-5-haiku-20241022-v1:0,True,3,0,0,1.0,1811
email_deadline_014,cmtf,us.anthropic.claude-3-5-haiku-20241022-v1:0,True,3,0,0,1.0,1808
email_draft_015,cmtf,us.anthropic.claude-3-5-haiku-20241022-v1:0,True,3,0,0,1.0,1928
email_summarize_016,cmtf,us.anthropic.claude-3-5-haiku-20241022-v1:0,True,3,0,0,1.0,1797
email_deadline_017,cmtf,us.anthropic.claude-3-5-haiku-20241022-v1:0,True,3,0,0,1.0,1851
email_draft_018,cmtf,us.anthropic.claude-3-5-haiku-20241022-v1:0,True,3,0,0,1.0,1962
email_summarize_019,cmtf,us.anthropic.claude-3-5-haiku-20241022-v1:0,True,3,0,0,1.0,1807
email_deadline_020,cmtf,us.anthropic.claude-3-5-haiku-20241022-v1:0,False,2,1,0,1.0,1323
email_draft_021,cmtf,us.anthropic.claude-3-5-haiku-20241022-v1:0,True,3,0,0,1.0,1924
email_summarize_022,cmtf,us.anthropic.claude-3-5-haiku-20241022-v1:0,True,3,0,0,1.0,1853
email_deadline_023,cmtf,us.anthropic.claude-3-5-haiku-20241022-v1:0,True,3,0,0,1.0,1824
email_draft_024,cmtf,us.anthropic.claude-3-5-haiku-20241022-v1:0,True,3,0,0,1.0,1928
email_summarize_025,cmtf,us.anthropic.claude-3-5-haiku-20241022-v1:0,True,3,0,0,1.0,1807
email_deadline_026,cmtf,us.anthropic.claude-3-5-haiku-20241022-v1:0,True,3,0,0,1.0,1817
email_draft_027,cmtf,us.anthropic.claude-3-5-haiku-20241022-v1:0,True,3,0,0,1.0,2029
email_summarize_028,cmtf,us.anthropic.claude-3-5-haiku-20241022-v1:0,True,3,0,0,1.0,1811
email_deadline_029,cmtf,us.anthropic.claude-3-5-haiku-20241022-v1:0,False,2,1,0,1.0,1241
email_draft_030,cmtf,us.anthropic.claude-3-5-haiku-20241022-v1:0,True,3,0,0,1.0,1928
email_summarize_031,cmtf,us.anthropic.claude-3-5-haiku-20241022-v1:0,False,3,1,0,1.0,2014
email_deadline_032,cmtf,us.anthropic.claude-3-5-haiku-20241022-v1:0,True,3,0,0,1.0,1854
email_draft_033,cmtf,us.anthropic.claude-3-5-haiku-20241022-v1:0,True,3,0,0,1.0,1962
file_section_000,cmtf,us.anthropic.claude-3-5-haiku-20241022-v1:0,True,3,0,0,1.0,1856
file_summary_001,cmtf,us.anthropic.claude-3-5-haiku-20241022-v1:0,True,3,0,0,1.0,1799
file_extract_002,cmtf,us.anthropic.claude-3-5-haiku-20241022-v1:0,True,3,0,0,1.0,1854
file_section_003,cmtf,us.anthropic.claude-3-5-haiku-20241022-v1:0,True,3,0,0,1.0,1861
file_summary_004,cmtf,us.anthropic.claude-3-5-haiku-20241022-v1:0,True,3,0,0,1.0,1795
file_extract_005,cmtf,us.anthropic.claude-3-5-haiku-20241022-v1:0,True,3,0,0,1.0,1866
file_section_006,cmtf,us.anthropic.claude-3-5-haiku-20241022-v1:0,True,3,0,0,1.0,1857
file_summary_007,cmtf,us.anthropic.claude-3-5-haiku-20241022-v1:0,True,3,0,0,1.0,1780
file_extract_008,cmtf,us.anthropic.claude-3-5-haiku-20241022-v1:0,True,3,0,0,1.0,1860
file_section_009,cmtf,us.anthropic.claude-3-5-haiku-20241022-v1:0,True,3,0,0,1.0,1862
file_summary_010,cmtf,us.anthropic.claude-3-5-haiku-20241022-v1:0,True,3,0,0,1.0,1806
file_extract_011,cmtf,us.anthropic.claude-3-5-haiku-20241022-v1:0,True,3,0,0,1.0,1858
file_section_012,cmtf,us.anthropic.claude-3-5-haiku-20241022-v1:0,True,3,0,0,1.0,1862
file_summary_013,cmtf,us.anthropic.claude-3-5-haiku-20241022-v1:0,True,3,0,0,1.0,1756
file_extract_014,cmtf,us.anthropic.claude-3-5-haiku-20241022-v1:0,True,3,0,0,1.0,1845
file_section_015,cmtf,us.anthropic.claude-3-5-haiku-20241022-v1:0,True,3,0,0,1.0,1859
file_summary_016,cmtf,us.anthropic.claude-3-5-haiku-20241022-v1:0,True,3,0,0,1.0,1799
file_extract_017,cmtf,us.anthropic.claude-3-5-haiku-20241022-v1:0,True,3,0,0,1.0,1860
file_section_018,cmtf,us.anthropic.claude-3-5-haiku-20241022-v1:0,True,3,0,0,1.0,1866
file_summary_019,cmtf,us.anthropic.claude-3-5-haiku-20241022-v1:0,True,3,0,0,1.0,1799
file_extract_020,cmtf,us.anthropic.claude-3-5-haiku-20241022-v1:0,True,3,0,0,1.0,1872
file_section_021,cmtf,us.anthropic.claude-3-5-haiku-20241022-v1:0,True,3,0,0,1.0,1857
file_summary_022,cmtf,us.anthropic.claude-3-5-haiku-20241022-v1:0,True,3,0,0,1.0,1780
file_extract_023,cmtf,us.anthropic.claude-3-5-haiku-20241022-v1:0,True,3,0,0,1.0,1865
file_section_024,cmtf,us.anthropic.claude-3-5-haiku-20241022-v1:0,True,3,0,0,1.0,1865
file_summary_025,cmtf,us.anthropic.claude-3-5-haiku-20241022-v1:0,True,3,0,0,1.0,1809
file_extract_026,cmtf,us.anthropic.claude-3-5-haiku-20241022-v1:0,True,3,0,0,1.0,1857
file_section_027,cmtf,us.anthropic.claude-3-5-haiku-20241022-v1:0,True,3,0,0,1.0,1862
file_summary_028,cmtf,us.anthropic.claude-3-5-haiku-20241022-v1:0,True,3,0,0,1.0,1778
file_extract_029,cmtf,us.anthropic.claude-3-5-haiku-20241022-v1:0,True,3,0,0,1.0,1845
file_section_030,cmtf,us.anthropic.claude-3-5-haiku-20241022-v1:0,True,3,0,0,1.0,1859
file_summary_031,cmtf,us.anthropic.claude-3-5-haiku-20241022-v1:0,True,3,0,0,1.0,1798
file_extract_032,cmtf,us.anthropic.claude-3-5-haiku-20241022-v1:0,True,3,0,0,1.0,1860
file_section_033,cmtf,us.anthropic.claude-3-5-haiku-20241022-v1:0,False,2,1,0,1.0,1399
calendar_move_000,all_tools,us.anthropic.claude-sonnet-4-20250514-v1:0,True,2,0,0,100.0,17842
calendar_summarize_001,all_tools,us.anthropic.claude-sonnet-4-20250514-v1:0,True,3,0,0,100.0,26777
calendar_invite_002,all_tools,us.anthropic.claude-sonnet-4-20250514-v1:0,True,2,0,0,100.0,17842
calendar_move_003,all_tools,us.anthropic.claude-sonnet-4-20250514-v1:0,True,2,0,0,100.0,17865
calendar_summarize_004,all_tools,us.anthropic.claude-sonnet-4-20250514-v1:0,True,3,0,0,100.0,26768
calendar_invite_005,all_tools,us.anthropic.claude-sonnet-4-20250514-v1:0,True,2,0,0,100.0,17842
calendar_move_006,all_tools,us.anthropic.claude-sonnet-4-20250514-v1:0,True,2,0,0,100.0,17813
calendar_summarize_007,all_tools,us.anthropic.claude-sonnet-4-20250514-v1:0,True,3,0,0,100.0,26751
calendar_invite_008,all_tools,us.anthropic.claude-sonnet-4-20250514-v1:0,True,2,0,0,100.0,17842
calendar_move_009,all_tools,us.anthropic.claude-sonnet-4-20250514-v1:0,True,2,0,0,100.0,17823
calendar_summarize_010,all_tools,us.anthropic.claude-sonnet-4-20250514-v1:0,True,3,0,0,100.0,26751
calendar_invite_011,all_tools,us.anthropic.claude-sonnet-4-20250514-v1:0,True,2,0,0,100.0,17844
calendar_move_012,all_tools,us.anthropic.claude-sonnet-4-20250514-v1:0,True,2,0,0,100.0,17817
calendar_summarize_013,all_tools,us.anthropic.claude-sonnet-4-20250514-v1:0,True,3,0,0,100.0,26758
calendar_invite_014,all_tools,us.anthropic.claude-sonnet-4-20250514-v1:0,True,2,0,0,100.0,17845
calendar_move_015,all_tools,us.anthropic.claude-sonnet-4-20250514-v1:0,True,2,0,0,100.0,17826
calendar_summarize_016,all_tools,us.anthropic.claude-sonnet-4-20250514-v1:0,True,3,0,0,100.0,26801
calendar_invite_017,all_tools,us.anthropic.claude-sonnet-4-20250514-v1:0,True,2,0,0,100.0,17839
calendar_move_018,all_tools,us.anthropic.claude-sonnet-4-20250514-v1:0,True,2,0,0,100.0,17865
calendar_summarize_019,all_tools,us.anthropic.claude-sonnet-4-20250514-v1:0,True,3,0,0,100.0,26787
calendar_invite_020,all_tools,us.anthropic.claude-sonnet-4-20250514-v1:0,True,2,0,0,100.0,17832
calendar_move_021,all_tools,us.anthropic.claude-sonnet-4-20250514-v1:0,True,2,0,0,100.0,17810
calendar_summarize_022,all_tools,us.anthropic.claude-sonnet-4-20250514-v1:0,True,3,0,0,100.0,26776
calendar_invite_023,all_tools,us.anthropic.claude-sonnet-4-20250514-v1:0,True,2,0,0,100.0,17839
calendar_move_024,all_tools,us.anthropic.claude-sonnet-4-20250514-v1:0,True,2,0,0,100.0,17822
calendar_summarize_025,all_tools,us.anthropic.claude-sonnet-4-20250514-v1:0,True,3,0,0,100.0,26784
calendar_invite_026,all_tools,us.anthropic.claude-sonnet-4-20250514-v1:0,True,2,0,0,100.0,17846
calendar_move_027,all_tools,us.anthropic.claude-sonnet-4-20250514-v1:0,True,2,0,0,100.0,17817
calendar_summarize_028,all_tools,us.anthropic.claude-sonnet-4-20250514-v1:0,True,3,0,0,100.0,26768
calendar_invite_029,all_tools,us.anthropic.claude-sonnet-4-20250514-v1:0,True,2,0,0,100.0,17839
calendar_move_030,all_tools,us.anthropic.claude-sonnet-4-20250514-v1:0,True,2,0,0,100.0,17822
calendar_summarize_031,all_tools,us.anthropic.claude-sonnet-4-20250514-v1:0,True,3,0,0,100.0,26777
calendar_invite_032,all_tools,us.anthropic.claude-sonnet-4-20250514-v1:0,True,2,0,0,100.0,17846
calendar_move_033,all_tools,us.anthropic.claude-sonnet-4-20250514-v1:0,True,2,0,0,100.0,17830
email_draft_000,all_tools,us.anthropic.claude-sonnet-4-20250514-v1:0,True,4,3,0,100.0,35857
email_summarize_001,all_tools,us.anthropic.claude-sonnet-4-20250514-v1:0,True,3,0,0,100.0,26813
email_deadline_002,all_tools,us.anthropic.claude-sonnet-4-20250514-v1:0,True,3,0,0,100.0,26794
email_draft_003,all_tools,us.anthropic.claude-sonnet-4-20250514-v1:0,True,3,0,0,100.0,26840
email_summarize_004,all_tools,us.anthropic.claude-sonnet-4-20250514-v1:0,True,3,0,0,100.0,26805
email_deadline_005,all_tools,us.anthropic.claude-sonnet-4-20250514-v1:0,True,3,0,0,100.0,26780
email_draft_006,all_tools,us.anthropic.claude-sonnet-4-20250514-v1:0,True,3,0,0,100.0,26800
email_summarize_007,all_tools,us.anthropic.claude-sonnet-4-20250514-v1:0,True,3,0,0,100.0,26820
email_deadline_008,all_tools,us.anthropic.claude-sonnet-4-20250514-v1:0,True,3,0,0,100.0,26815
email_draft_009,all_tools,us.anthropic.claude-sonnet-4-20250514-v1:0,True,3,0,0,100.0,26812
email_summarize_010,all_tools,us.anthropic.claude-sonnet-4-20250514-v1:0,True,3,0,0,100.0,26784
email_deadline_011,all_tools,us.anthropic.claude-sonnet-4-20250514-v1:0,True,3,0,0,100.0,26778
email_draft_012,all_tools,us.anthropic.claude-sonnet-4-20250514-v1:0,True,3,0,0,100.0,26850
email_summarize_013,all_tools,us.anthropic.claude-sonnet-4-20250514-v1:0,True,3,0,0,100.0,26771
email_deadline_014,all_tools,us.anthropic.claude-sonnet-4-20250514-v1:0,True,3,0,0,100.0,26803
email_draft_015,all_tools,us.anthropic.claude-sonnet-4-20250514-v1:0,True,3,0,0,100.0,26835
email_summarize_016,all_tools,us.anthropic.claude-sonnet-4-20250514-v1:0,True,3,0,0,100.0,26810
email_deadline_017,all_tools,us.anthropic.claude-sonnet-4-20250514-v1:0,True,3,0,0,100.0,26820
email_draft_018,all_tools,us.anthropic.claude-sonnet-4-20250514-v1:0,True,3,0,0,100.0,26834
email_summarize_019,all_tools,us.anthropic.claude-sonnet-4-20250514-v1:0,True,3,0,0,100.0,26775
email_deadline_020,all_tools,us.anthropic.claude-sonnet-4-20250514-v1:0,True,3,0,0,100.0,26779
email_draft_021,all_tools,us.anthropic.claude-sonnet-4-20250514-v1:0,True,3,0,0,100.0,26817
email_summarize_022,all_tools,us.anthropic.claude-sonnet-4-20250514-v1:0,True,3,0,0,100.0,26852
email_deadline_023,all_tools,us.anthropic.claude-sonnet-4-20250514-v1:0,True,3,0,0,100.0,26756
email_draft_024,all_tools,us.anthropic.claude-sonnet-4-20250514-v1:0,True,3,0,0,100.0,26826
email_summarize_025,all_tools,us.anthropic.claude-sonnet-4-20250514-v1:0,True,3,0,0,100.0,26783
email_deadline_026,all_tools,us.anthropic.claude-sonnet-4-20250514-v1:0,True,3,0,0,100.0,26780
email_draft_027,all_tools,us.anthropic.claude-sonnet-4-20250514-v1:0,True,3,0,0,100.0,26851
email_summarize_028,all_tools,us.anthropic.claude-sonnet-4-20250514-v1:0,True,3,0,0,100.0,26789
email_deadline_029,all_tools,us.anthropic.claude-sonnet-4-20250514-v1:0,True,3,0,0,100.0,26832
email_draft_030,all_tools,us.anthropic.claude-sonnet-4-20250514-v1:0,True,3,0,0,100.0,26837
email_summarize_031,all_tools,us.anthropic.claude-sonnet-4-20250514-v1:0,True,3,0,0,100.0,26781
email_deadline_032,all_tools,us.anthropic.claude-sonnet-4-20250514-v1:0,True,3,0,0,100.0,26820
email_draft_033,all_tools,us.anthropic.claude-sonnet-4-20250514-v1:0,True,3,0,0,100.0,26841
file_section_000,all_tools,us.anthropic.claude-sonnet-4-20250514-v1:0,True,3,0,0,100.0,26753
file_summary_001,all_tools,us.anthropic.claude-sonnet-4-20250514-v1:0,True,3,1,0,100.0,26757
file_extract_002,all_tools,us.anthropic.claude-sonnet-4-20250514-v1:0,True,3,0,0,100.0,26837
file_section_003,all_tools,us.anthropic.claude-sonnet-4-20250514-v1:0,True,3,0,0,100.0,26730
file_summary_004,all_tools,us.anthropic.claude-sonnet-4-20250514-v1:0,True,3,1,0,100.0,26770
file_extract_005,all_tools,us.anthropic.claude-sonnet-4-20250514-v1:0,True,3,0,0,100.0,26793
file_section_006,all_tools,us.anthropic.claude-sonnet-4-20250514-v1:0,True,3,0,0,100.0,26743
file_summary_007,all_tools,us.anthropic.claude-sonnet-4-20250514-v1:0,True,3,1,0,100.0,26732
file_extract_008,all_tools,us.anthropic.claude-sonnet-4-20250514-v1:0,True,3,0,0,100.0,26823
file_section_009,all_tools,us.anthropic.claude-sonnet-4-20250514-v1:0,True,3,0,0,100.0,26741
file_summary_010,all_tools,us.anthropic.claude-sonnet-4-20250514-v1:0,True,3,1,0,100.0,26736
file_extract_011,all_tools,us.anthropic.claude-sonnet-4-20250514-v1:0,True,3,0,0,100.0,26846
file_section_012,all_tools,us.anthropic.claude-sonnet-4-20250514-v1:0,True,3,0,0,100.0,26798
file_summary_013,all_tools,us.anthropic.claude-sonnet-4-20250514-v1:0,True,3,1,0,100.0,26694
file_extract_014,all_tools,us.anthropic.claude-sonnet-4-20250514-v1:0,True,3,0,0,100.0,26851
file_section_015,all_tools,us.anthropic.claude-sonnet-4-20250514-v1:0,True,3,0,0,100.0,26782
file_summary_016,all_tools,us.anthropic.claude-sonnet-4-20250514-v1:0,True,3,1,0,100.0,26706
file_extract_017,all_tools,us.anthropic.claude-sonnet-4-20250514-v1:0,True,3,0,0,100.0,26808
file_section_018,all_tools,us.anthropic.claude-sonnet-4-20250514-v1:0,True,3,0,0,100.0,26748
file_summary_019,all_tools,us.anthropic.claude-sonnet-4-20250514-v1:0,True,3,1,0,100.0,26766
file_extract_020,all_tools,us.anthropic.claude-sonnet-4-20250514-v1:0,True,3,0,0,100.0,26812
file_section_021,all_tools,us.anthropic.claude-sonnet-4-20250514-v1:0,True,3,0,0,100.0,26780
file_summary_022,all_tools,us.anthropic.claude-sonnet-4-20250514-v1:0,True,3,1,0,100.0,26754
file_extract_023,all_tools,us.anthropic.claude-sonnet-4-20250514-v1:0,True,3,0,0,100.0,26800
file_section_024,all_tools,us.anthropic.claude-sonnet-4-20250514-v1:0,True,3,0,0,100.0,26735
file_summary_025,all_tools,us.anthropic.claude-sonnet-4-20250514-v1:0,True,3,1,0,100.0,26743
file_extract_026,all_tools,us.anthropic.claude-sonnet-4-20250514-v1:0,True,3,0,0,100.0,26843
file_section_027,all_tools,us.anthropic.claude-sonnet-4-20250514-v1:0,True,3,0,0,100.0,26781
file_summary_028,all_tools,us.anthropic.claude-sonnet-4-20250514-v1:0,True,3,1,0,100.0,26736
file_extract_029,all_tools,us.anthropic.claude-sonnet-4-20250514-v1:0,True,3,0,0,100.0,26847
file_section_030,all_tools,us.anthropic.claude-sonnet-4-20250514-v1:0,True,3,0,0,100.0,26730
file_summary_031,all_tools,us.anthropic.claude-sonnet-4-20250514-v1:0,True,3,1,0,100.0,26754
file_extract_032,all_tools,us.anthropic.claude-sonnet-4-20250514-v1:0,True,3,0,0,100.0,26837
file_section_033,all_tools,us.anthropic.claude-sonnet-4-20250514-v1:0,True,3,0,0,100.0,26733
calendar_move_000,keyword_top_5,us.anthropic.claude-sonnet-4-20250514-v1:0,True,2,0,0,5.0,2057
calendar_summarize_001,keyword_top_5,us.anthropic.claude-sonnet-4-20250514-v1:0,False,6,4,0,5.0,6040
calendar_invite_002,keyword_top_5,us.anthropic.claude-sonnet-4-20250514-v1:0,False,6,5,0,5.0,6097
calendar_move_003,keyword_top_5,us.anthropic.claude-sonnet-4-20250514-v1:0,True,2,0,0,5.0,2076
calendar_summarize_004,keyword_top_5,us.anthropic.claude-sonnet-4-20250514-v1:0,False,6,4,0,5.0,6046
calendar_invite_005,keyword_top_5,us.anthropic.claude-sonnet-4-20250514-v1:0,False,6,5,0,5.0,6097
calendar_move_006,keyword_top_5,us.anthropic.claude-sonnet-4-20250514-v1:0,True,2,0,0,5.0,2050
calendar_summarize_007,keyword_top_5,us.anthropic.claude-sonnet-4-20250514-v1:0,False,6,4,0,5.0,6024
calendar_invite_008,keyword_top_5,us.anthropic.claude-sonnet-4-20250514-v1:0,False,6,5,0,5.0,6097
calendar_move_009,keyword_top_5,us.anthropic.claude-sonnet-4-20250514-v1:0,True,2,0,0,5.0,2071
calendar_summarize_010,keyword_top_5,us.anthropic.claude-sonnet-4-20250514-v1:0,False,6,4,0,5.0,6018
calendar_invite_011,keyword_top_5,us.anthropic.claude-sonnet-4-20250514-v1:0,False,6,5,0,5.0,6097
calendar_move_012,keyword_top_5,us.anthropic.claude-sonnet-4-20250514-v1:0,True,2,0,0,5.0,2057
calendar_summarize_013,keyword_top_5,us.anthropic.claude-sonnet-4-20250514-v1:0,False,6,4,0,5.0,6024
calendar_invite_014,keyword_top_5,us.anthropic.claude-sonnet-4-20250514-v1:0,False,6,5,0,5.0,6097
calendar_move_015,keyword_top_5,us.anthropic.claude-sonnet-4-20250514-v1:0,True,2,0,0,5.0,2051
calendar_summarize_016,keyword_top_5,us.anthropic.claude-sonnet-4-20250514-v1:0,False,6,4,0,5.0,6024
calendar_invite_017,keyword_top_5,us.anthropic.claude-sonnet-4-20250514-v1:0,False,6,5,0,5.0,6097
calendar_move_018,keyword_top_5,us.anthropic.claude-sonnet-4-20250514-v1:0,True,2,0,0,5.0,2078
calendar_summarize_019,keyword_top_5,us.anthropic.claude-sonnet-4-20250514-v1:0,False,6,4,0,5.0,6041
calendar_invite_020,keyword_top_5,us.anthropic.claude-sonnet-4-20250514-v1:0,False,6,5,0,5.0,6097
calendar_move_021,keyword_top_5,us.anthropic.claude-sonnet-4-20250514-v1:0,True,2,0,0,5.0,2064
calendar_summarize_022,keyword_top_5,us.anthropic.claude-sonnet-4-20250514-v1:0,False,6,4,0,5.0,6023
calendar_invite_023,keyword_top_5,us.anthropic.claude-sonnet-4-20250514-v1:0,False,6,5,0,5.0,6097
calendar_move_024,keyword_top_5,us.anthropic.claude-sonnet-4-20250514-v1:0,True,2,0,0,5.0,2062
calendar_summarize_025,keyword_top_5,us.anthropic.claude-sonnet-4-20250514-v1:0,False,6,4,0,5.0,6018
calendar_invite_026,keyword_top_5,us.anthropic.claude-sonnet-4-20250514-v1:0,False,6,5,0,5.0,6097
calendar_move_027,keyword_top_5,us.anthropic.claude-sonnet-4-20250514-v1:0,True,2,0,0,5.0,2071
calendar_summarize_028,keyword_top_5,us.anthropic.claude-sonnet-4-20250514-v1:0,False,6,4,0,5.0,6046
calendar_invite_029,keyword_top_5,us.anthropic.claude-sonnet-4-20250514-v1:0,False,6,5,0,5.0,6097
calendar_move_030,keyword_top_5,us.anthropic.claude-sonnet-4-20250514-v1:0,True,2,0,0,5.0,2055
calendar_summarize_031,keyword_top_5,us.anthropic.claude-sonnet-4-20250514-v1:0,False,6,4,0,5.0,6024
calendar_invite_032,keyword_top_5,us.anthropic.claude-sonnet-4-20250514-v1:0,False,6,5,0,5.0,6097
calendar_move_033,keyword_top_5,us.anthropic.claude-sonnet-4-20250514-v1:0,True,2,0,0,5.0,2078
email_draft_000,keyword_top_5,us.anthropic.claude-sonnet-4-20250514-v1:0,False,6,5,0,5.0,5955
email_summarize_001,keyword_top_5,us.anthropic.claude-sonnet-4-20250514-v1:0,True,3,0,0,5.0,2980
email_deadline_002,keyword_top_5,us.anthropic.claude-sonnet-4-20250514-v1:0,True,3,0,0,5.0,3027
email_draft_003,keyword_top_5,us.anthropic.claude-sonnet-4-20250514-v1:0,False,6,4,0,5.0,6078
email_summarize_004,keyword_top_5,us.anthropic.claude-sonnet-4-20250514-v1:0,True,3,0,0,5.0,2918
email_deadline_005,keyword_top_5,us.anthropic.claude-sonnet-4-20250514-v1:0,True,3,0,0,5.0,2992
email_draft_006,keyword_top_5,us.anthropic.claude-sonnet-4-20250514-v1:0,False,6,5,0,5.0,6015
email_summarize_007,keyword_top_5,us.anthropic.claude-sonnet-4-20250514-v1:0,True,3,0,0,5.0,2937
email_deadline_008,keyword_top_5,us.anthropic.claude-sonnet-4-20250514-v1:0,True,3,0,0,5.0,2993
email_draft_009,keyword_top_5,us.anthropic.claude-sonnet-4-20250514-v1:0,False,6,4,0,5.0,6067
email_summarize_010,keyword_top_5,us.anthropic.claude-sonnet-4-20250514-v1:0,True,3,0,0,5.0,2941
email_deadline_011,keyword_top_5,us.anthropic.claude-sonnet-4-20250514-v1:0,True,3,0,0,5.0,3002
email_draft_012,keyword_top_5,us.anthropic.claude-sonnet-4-20250514-v1:0,True,5,3,0,5.0,5137
email_summarize_013,keyword_top_5,us.anthropic.claude-sonnet-4-20250514-v1:0,True,3,0,0,5.0,2933
email_deadline_014,keyword_top_5,us.anthropic.claude-sonnet-4-20250514-v1:0,True,3,0,0,5.0,2985
email_draft_015,keyword_top_5,us.anthropic.claude-sonnet-4-20250514-v1:0,False,6,5,0,5.0,5955
email_summarize_016,keyword_top_5,us.anthropic.claude-sonnet-4-20250514-v1:0,True,3,0,0,5.0,2941
email_deadline_017,keyword_top_5,us.anthropic.claude-sonnet-4-20250514-v1:0,True,3,0,0,5.0,3022
email_draft_018,keyword_top_5,us.anthropic.claude-sonnet-4-20250514-v1:0,False,6,5,0,5.0,6069
email_summarize_019,keyword_top_5,us.anthropic.claude-sonnet-4-20250514-v1:0,True,3,0,0,5.0,2922
email_deadline_020,keyword_top_5,us.anthropic.claude-sonnet-4-20250514-v1:0,True,3,0,0,5.0,2986
email_draft_021,keyword_top_5,us.anthropic.claude-sonnet-4-20250514-v1:0,False,6,5,0,5.0,5930
email_summarize_022,keyword_top_5,us.anthropic.claude-sonnet-4-20250514-v1:0,True,3,0,0,5.0,2937
email_deadline_023,keyword_top_5,us.anthropic.claude-sonnet-4-20250514-v1:0,True,3,0,0,5.0,2993
email_draft_024,keyword_top_5,us.anthropic.claude-sonnet-4-20250514-v1:0,False,6,5,0,5.0,5929
email_summarize_025,keyword_top_5,us.anthropic.claude-sonnet-4-20250514-v1:0,True,3,0,0,5.0,2912
email_deadline_026,keyword_top_5,us.anthropic.claude-sonnet-4-20250514-v1:0,True,3,0,0,5.0,2979
email_draft_027,keyword_top_5,us.anthropic.claude-sonnet-4-20250514-v1:0,False,6,4,0,5.0,6180
email_summarize_028,keyword_top_5,us.anthropic.claude-sonnet-4-20250514-v1:0,True,3,0,0,5.0,2944
email_deadline_029,keyword_top_5,us.anthropic.claude-sonnet-4-20250514-v1:0,True,3,0,0,5.0,2964
email_draft_030,keyword_top_5,us.anthropic.claude-sonnet-4-20250514-v1:0,False,6,5,0,5.0,6068
email_summarize_031,keyword_top_5,us.anthropic.claude-sonnet-4-20250514-v1:0,True,3,0,0,5.0,2942
email_deadline_032,keyword_top_5,us.anthropic.claude-sonnet-4-20250514-v1:0,True,3,0,0,5.0,3011
email_draft_033,keyword_top_5,us.anthropic.claude-sonnet-4-20250514-v1:0,False,6,4,0,5.0,6078
file_section_000,keyword_top_5,us.anthropic.claude-sonnet-4-20250514-v1:0,True,3,1,0,5.0,2971
file_summary_001,keyword_top_5,us.anthropic.claude-sonnet-4-20250514-v1:0,True,3,1,0,5.0,2895
file_extract_002,keyword_top_5,us.anthropic.claude-sonnet-4-20250514-v1:0,False,6,6,0,5.0,5750
file_section_003,keyword_top_5,us.anthropic.claude-sonnet-4-20250514-v1:0,True,3,1,0,5.0,2922
file_summary_004,keyword_top_5,us.anthropic.claude-sonnet-4-20250514-v1:0,True,3,1,0,5.0,2908
file_extract_005,keyword_top_5,us.anthropic.claude-sonnet-4-20250514-v1:0,False,6,6,0,5.0,5857
file_section_006,keyword_top_5,us.anthropic.claude-sonnet-4-20250514-v1:0,True,3,0,0,5.0,2946
file_summary_007,keyword_top_5,us.anthropic.claude-sonnet-4-20250514-v1:0,True,3,1,0,5.0,2917
file_extract_008,keyword_top_5,us.anthropic.claude-sonnet-4-20250514-v1:0,False,6,5,0,5.0,5899
file_section_009,keyword_top_5,us.anthropic.claude-sonnet-4-20250514-v1:0,True,3,1,0,5.0,2936
file_summary_010,keyword_top_5,us.anthropic.claude-sonnet-4-20250514-v1:0,True,3,1,0,5.0,2928
file_extract_011,keyword_top_5,us.anthropic.claude-sonnet-4-20250514-v1:0,False,6,6,0,5.0,5869
file_section_012,keyword_top_5,us.anthropic.claude-sonnet-4-20250514-v1:0,True,3,0,0,5.0,2942
file_summary_013,keyword_top_5,us.anthropic.claude-sonnet-4-20250514-v1:0,True,3,1,0,5.0,2869
file_extract_014,keyword_top_5,us.anthropic.claude-sonnet-4-20250514-v1:0,True,6,4,0,5.0,5952
file_section_015,keyword_top_5,us.anthropic.claude-sonnet-4-20250514-v1:0,True,3,1,0,5.0,2972
file_summary_016,keyword_top_5,us.anthropic.claude-sonnet-4-20250514-v1:0,True,3,1,0,5.0,2929
file_extract_017,keyword_top_5,us.anthropic.claude-sonnet-4-20250514-v1:0,False,6,6,0,5.0,5811
file_section_018,keyword_top_5,us.anthropic.claude-sonnet-4-20250514-v1:0,True,3,1,0,5.0,2922
file_summary_019,keyword_top_5,us.anthropic.claude-sonnet-4-20250514-v1:0,True,3,1,0,5.0,2898
file_extract_020,keyword_top_5,us.anthropic.claude-sonnet-4-20250514-v1:0,False,6,6,0,5.0,5808
file_section_021,keyword_top_5,us.anthropic.claude-sonnet-4-20250514-v1:0,True,3,0,0,5.0,2951
file_summary_022,keyword_top_5,us.anthropic.claude-sonnet-4-20250514-v1:0,True,3,1,0,5.0,2891
file_extract_023,keyword_top_5,us.anthropic.claude-sonnet-4-20250514-v1:0,False,6,5,0,5.0,5936
file_section_024,keyword_top_5,us.anthropic.claude-sonnet-4-20250514-v1:0,True,3,1,0,5.0,2939
file_summary_025,keyword_top_5,us.anthropic.claude-sonnet-4-20250514-v1:0,True,3,1,0,5.0,2927
file_extract_026,keyword_top_5,us.anthropic.claude-sonnet-4-20250514-v1:0,True,3,0,0,5.0,2952
file_section_027,keyword_top_5,us.anthropic.claude-sonnet-4-20250514-v1:0,True,3,0,0,5.0,2945
file_summary_028,keyword_top_5,us.anthropic.claude-sonnet-4-20250514-v1:0,True,3,1,0,5.0,2869
file_extract_029,keyword_top_5,us.anthropic.claude-sonnet-4-20250514-v1:0,False,6,4,0,5.0,5964
file_section_030,keyword_top_5,us.anthropic.claude-sonnet-4-20250514-v1:0,True,3,1,0,5.0,2980
file_summary_031,keyword_top_5,us.anthropic.claude-sonnet-4-20250514-v1:0,True,3,1,0,5.0,2928
file_extract_032,keyword_top_5,us.anthropic.claude-sonnet-4-20250514-v1:0,False,6,6,0,5.0,5827
file_section_033,keyword_top_5,us.anthropic.claude-sonnet-4-20250514-v1:0,True,3,1,0,5.0,2940
calendar_move_000,keyword_top_10,us.anthropic.claude-sonnet-4-20250514-v1:0,True,2,0,0,10.0,2838
calendar_summarize_001,keyword_top_10,us.anthropic.claude-sonnet-4-20250514-v1:0,False,6,4,0,10.0,8430
calendar_invite_002,keyword_top_10,us.anthropic.claude-sonnet-4-20250514-v1:0,False,6,5,0,10.0,8552
calendar_move_003,keyword_top_10,us.anthropic.claude-sonnet-4-20250514-v1:0,True,2,0,0,10.0,2856
calendar_summarize_004,keyword_top_10,us.anthropic.claude-sonnet-4-20250514-v1:0,True,3,0,0,10.0,4144
calendar_invite_005,keyword_top_10,us.anthropic.claude-sonnet-4-20250514-v1:0,False,6,5,0,10.0,8552
calendar_move_006,keyword_top_10,us.anthropic.claude-sonnet-4-20250514-v1:0,True,2,0,0,10.0,2839
calendar_summarize_007,keyword_top_10,us.anthropic.claude-sonnet-4-20250514-v1:0,False,6,4,0,10.0,8433
calendar_invite_008,keyword_top_10,us.anthropic.claude-sonnet-4-20250514-v1:0,True,2,0,0,10.0,2894
calendar_move_009,keyword_top_10,us.anthropic.claude-sonnet-4-20250514-v1:0,True,2,0,0,10.0,2848
calendar_summarize_010,keyword_top_10,us.anthropic.claude-sonnet-4-20250514-v1:0,True,4,2,0,10.0,5560
calendar_invite_011,keyword_top_10,us.anthropic.claude-sonnet-4-20250514-v1:0,False,6,5,0,10.0,8552
calendar_move_012,keyword_top_10,us.anthropic.claude-sonnet-4-20250514-v1:0,True,2,0,0,10.0,2845
calendar_summarize_013,keyword_top_10,us.anthropic.claude-sonnet-4-20250514-v1:0,True,3,0,0,10.0,4211
calendar_invite_014,keyword_top_10,us.anthropic.claude-sonnet-4-20250514-v1:0,True,2,0,0,10.0,2857
calendar_move_015,keyword_top_10,us.anthropic.claude-sonnet-4-20250514-v1:0,True,2,0,0,10.0,2852
calendar_summarize_016,keyword_top_10,us.anthropic.claude-sonnet-4-20250514-v1:0,True,3,0,0,10.0,4151
calendar_invite_017,keyword_top_10,us.anthropic.claude-sonnet-4-20250514-v1:0,False,6,5,0,10.0,8552
calendar_move_018,keyword_top_10,us.anthropic.claude-sonnet-4-20250514-v1:0,True,2,0,0,10.0,2851
calendar_summarize_019,keyword_top_10,us.anthropic.claude-sonnet-4-20250514-v1:0,True,3,0,0,10.0,4145
calendar_invite_020,keyword_top_10,us.anthropic.claude-sonnet-4-20250514-v1:0,False,6,5,0,10.0,8533
calendar_move_021,keyword_top_10,us.anthropic.claude-sonnet-4-20250514-v1:0,True,2,0,0,10.0,2837
calendar_summarize_022,keyword_top_10,us.anthropic.claude-sonnet-4-20250514-v1:0,True,3,0,0,10.0,4151
calendar_invite_023,keyword_top_10,us.anthropic.claude-sonnet-4-20250514-v1:0,False,6,5,0,10.0,8552
calendar_move_024,keyword_top_10,us.anthropic.claude-sonnet-4-20250514-v1:0,True,2,0,0,10.0,2848
calendar_summarize_025,keyword_top_10,us.anthropic.claude-sonnet-4-20250514-v1:0,True,3,0,0,10.0,4166
calendar_invite_026,keyword_top_10,us.anthropic.claude-sonnet-4-20250514-v1:0,True,4,3,0,10.0,5718
calendar_move_027,keyword_top_10,us.anthropic.claude-sonnet-4-20250514-v1:0,True,2,0,0,10.0,2845
calendar_summarize_028,keyword_top_10,us.anthropic.claude-sonnet-4-20250514-v1:0,True,3,0,0,10.0,4151
calendar_invite_029,keyword_top_10,us.anthropic.claude-sonnet-4-20250514-v1:0,False,6,5,0,10.0,8552
calendar_move_030,keyword_top_10,us.anthropic.claude-sonnet-4-20250514-v1:0,True,2,0,0,10.0,2844
calendar_summarize_031,keyword_top_10,us.anthropic.claude-sonnet-4-20250514-v1:0,True,3,0,0,10.0,4145
calendar_invite_032,keyword_top_10,us.anthropic.claude-sonnet-4-20250514-v1:0,False,6,5,0,10.0,8552
calendar_move_033,keyword_top_10,us.anthropic.claude-sonnet-4-20250514-v1:0,True,2,0,0,10.0,2846
email_draft_000,keyword_top_10,us.anthropic.claude-sonnet-4-20250514-v1:0,False,6,5,0,10.0,8180
email_summarize_001,keyword_top_10,us.anthropic.claude-sonnet-4-20250514-v1:0,True,3,0,0,10.0,4094
email_deadline_002,keyword_top_10,us.anthropic.claude-sonnet-4-20250514-v1:0,True,3,0,0,10.0,4135
email_draft_003,keyword_top_10,us.anthropic.claude-sonnet-4-20250514-v1:0,True,3,0,0,10.0,4274
email_summarize_004,keyword_top_10,us.anthropic.claude-sonnet-4-20250514-v1:0,True,3,0,0,10.0,4063
email_deadline_005,keyword_top_10,us.anthropic.claude-sonnet-4-20250514-v1:0,True,3,0,0,10.0,4074
email_draft_006,keyword_top_10,us.anthropic.claude-sonnet-4-20250514-v1:0,True,3,0,0,10.0,4161
email_summarize_007,keyword_top_10,us.anthropic.claude-sonnet-4-20250514-v1:0,True,3,0,0,10.0,4077
email_deadline_008,keyword_top_10,us.anthropic.claude-sonnet-4-20250514-v1:0,True,3,0,0,10.0,4082
email_draft_009,keyword_top_10,us.anthropic.claude-sonnet-4-20250514-v1:0,False,6,5,0,10.0,8367
email_summarize_010,keyword_top_10,us.anthropic.claude-sonnet-4-20250514-v1:0,True,3,0,0,10.0,4067
email_deadline_011,keyword_top_10,us.anthropic.claude-sonnet-4-20250514-v1:0,True,3,0,0,10.0,4071
email_draft_012,keyword_top_10,us.anthropic.claude-sonnet-4-20250514-v1:0,False,6,5,0,10.0,8550
email_summarize_013,keyword_top_10,us.anthropic.claude-sonnet-4-20250514-v1:0,True,3,0,0,10.0,4095
email_deadline_014,keyword_top_10,us.anthropic.claude-sonnet-4-20250514-v1:0,True,3,0,0,10.0,4105
email_draft_015,keyword_top_10,us.anthropic.claude-sonnet-4-20250514-v1:0,True,4,3,0,10.0,5649
email_summarize_016,keyword_top_10,us.anthropic.claude-sonnet-4-20250514-v1:0,True,3,0,0,10.0,4059
email_deadline_017,keyword_top_10,us.anthropic.claude-sonnet-4-20250514-v1:0,True,3,0,0,10.0,4135
email_draft_018,keyword_top_10,us.anthropic.claude-sonnet-4-20250514-v1:0,True,3,0,0,10.0,4155
email_summarize_019,keyword_top_10,us.anthropic.claude-sonnet-4-20250514-v1:0,True,3,0,0,10.0,4049
email_deadline_020,keyword_top_10,us.anthropic.claude-sonnet-4-20250514-v1:0,True,3,0,0,10.0,4088
email_draft_021,keyword_top_10,us.anthropic.claude-sonnet-4-20250514-v1:0,True,4,3,0,10.0,5573
email_summarize_022,keyword_top_10,us.anthropic.claude-sonnet-4-20250514-v1:0,True,3,0,0,10.0,4103
email_deadline_023,keyword_top_10,us.anthropic.claude-sonnet-4-20250514-v1:0,True,3,0,0,10.0,4147
email_draft_024,keyword_top_10,us.anthropic.claude-sonnet-4-20250514-v1:0,False,6,5,0,10.0,8394
email_summarize_025,keyword_top_10,us.anthropic.claude-sonnet-4-20250514-v1:0,True,3,0,0,10.0,4053
email_deadline_026,keyword_top_10,us.anthropic.claude-sonnet-4-20250514-v1:0,True,3,0,0,10.0,4071
email_draft_027,keyword_top_10,us.anthropic.claude-sonnet-4-20250514-v1:0,True,3,0,0,10.0,4191
email_summarize_028,keyword_top_10,us.anthropic.claude-sonnet-4-20250514-v1:0,False,6,4,0,10.0,8543
email_deadline_029,keyword_top_10,us.anthropic.claude-sonnet-4-20250514-v1:0,True,3,0,0,10.0,4101
email_draft_030,keyword_top_10,us.anthropic.claude-sonnet-4-20250514-v1:0,True,3,0,0,10.0,4159
email_summarize_031,keyword_top_10,us.anthropic.claude-sonnet-4-20250514-v1:0,True,3,0,0,10.0,4097
email_deadline_032,keyword_top_10,us.anthropic.claude-sonnet-4-20250514-v1:0,True,3,0,0,10.0,4169
email_draft_033,keyword_top_10,us.anthropic.claude-sonnet-4-20250514-v1:0,True,3,0,0,10.0,4198
file_section_000,keyword_top_10,us.anthropic.claude-sonnet-4-20250514-v1:0,True,3,0,0,10.0,4184
file_summary_001,keyword_top_10,us.anthropic.claude-sonnet-4-20250514-v1:0,True,3,1,0,10.0,4096
file_extract_002,keyword_top_10,us.anthropic.claude-sonnet-4-20250514-v1:0,True,3,0,0,10.0,4047
file_section_003,keyword_top_10,us.anthropic.claude-sonnet-4-20250514-v1:0,True,3,0,0,10.0,4138
file_summary_004,keyword_top_10,us.anthropic.claude-sonnet-4-20250514-v1:0,True,3,1,0,10.0,4016
file_extract_005,keyword_top_10,us.anthropic.claude-sonnet-4-20250514-v1:0,True,3,1,0,10.0,4138
file_section_006,keyword_top_10,us.anthropic.claude-sonnet-4-20250514-v1:0,True,3,0,0,10.0,4177
file_summary_007,keyword_top_10,us.anthropic.claude-sonnet-4-20250514-v1:0,True,3,1,0,10.0,4076
file_extract_008,keyword_top_10,us.anthropic.claude-sonnet-4-20250514-v1:0,True,3,0,0,10.0,4037
file_section_009,keyword_top_10,us.anthropic.claude-sonnet-4-20250514-v1:0,True,3,0,0,10.0,4150
file_summary_010,keyword_top_10,us.anthropic.claude-sonnet-4-20250514-v1:0,True,3,1,0,10.0,4107
file_extract_011,keyword_top_10,us.anthropic.claude-sonnet-4-20250514-v1:0,True,3,0,0,10.0,4070
file_section_012,keyword_top_10,us.anthropic.claude-sonnet-4-20250514-v1:0,True,3,0,0,10.0,4157
file_summary_013,keyword_top_10,us.anthropic.claude-sonnet-4-20250514-v1:0,True,3,1,0,10.0,4023
file_extract_014,keyword_top_10,us.anthropic.claude-sonnet-4-20250514-v1:0,True,4,2,0,10.0,5437
file_section_015,keyword_top_10,us.anthropic.claude-sonnet-4-20250514-v1:0,True,3,0,0,10.0,4186
file_summary_016,keyword_top_10,us.anthropic.claude-sonnet-4-20250514-v1:0,True,3,1,0,10.0,4034
file_extract_017,keyword_top_10,us.anthropic.claude-sonnet-4-20250514-v1:0,True,3,0,0,10.0,4061
file_section_018,keyword_top_10,us.anthropic.claude-sonnet-4-20250514-v1:0,True,3,0,0,10.0,4139
file_summary_019,keyword_top_10,us.anthropic.claude-sonnet-4-20250514-v1:0,True,3,1,0,10.0,4020
file_extract_020,keyword_top_10,us.anthropic.claude-sonnet-4-20250514-v1:0,False,6,5,0,10.0,8292
file_section_021,keyword_top_10,us.anthropic.claude-sonnet-4-20250514-v1:0,True,3,0,0,10.0,4175
file_summary_022,keyword_top_10,us.anthropic.claude-sonnet-4-20250514-v1:0,True,3,1,0,10.0,4030
file_extract_023,keyword_top_10,us.anthropic.claude-sonnet-4-20250514-v1:0,False,6,4,0,10.0,8226
file_section_024,keyword_top_10,us.anthropic.claude-sonnet-4-20250514-v1:0,True,3,0,0,10.0,4163
file_summary_025,keyword_top_10,us.anthropic.claude-sonnet-4-20250514-v1:0,True,3,1,0,10.0,4106
file_extract_026,keyword_top_10,us.anthropic.claude-sonnet-4-20250514-v1:0,True,5,3,0,10.0,6838
file_section_027,keyword_top_10,us.anthropic.claude-sonnet-4-20250514-v1:0,True,3,0,0,10.0,4140
file_summary_028,keyword_top_10,us.anthropic.claude-sonnet-4-20250514-v1:0,True,3,1,0,10.0,4014
file_extract_029,keyword_top_10,us.anthropic.claude-sonnet-4-20250514-v1:0,True,3,1,0,10.0,4070
file_section_030,keyword_top_10,us.anthropic.claude-sonnet-4-20250514-v1:0,True,3,0,0,10.0,4191
file_summary_031,keyword_top_10,us.anthropic.claude-sonnet-4-20250514-v1:0,True,3,1,0,10.0,4034
file_extract_032,keyword_top_10,us.anthropic.claude-sonnet-4-20250514-v1:0,True,3,0,0,10.0,4122
file_section_033,keyword_top_10,us.anthropic.claude-sonnet-4-20250514-v1:0,True,3,0,0,10.0,4127
calendar_move_000,state_aware,us.anthropic.claude-sonnet-4-20250514-v1:0,True,2,0,0,6.5,2167
calendar_summarize_001,state_aware,us.anthropic.claude-sonnet-4-20250514-v1:0,False,6,4,0,5.333333333333333,5810
calendar_invite_002,state_aware,us.anthropic.claude-sonnet-4-20250514-v1:0,True,2,0,0,5.5,1983
calendar_move_003,state_aware,us.anthropic.claude-sonnet-4-20250514-v1:0,True,2,0,0,6.5,2179
calendar_summarize_004,state_aware,us.anthropic.claude-sonnet-4-20250514-v1:0,False,6,4,0,5.333333333333333,5799
calendar_invite_005,state_aware,us.anthropic.claude-sonnet-4-20250514-v1:0,True,2,0,0,5.5,2023
calendar_move_006,state_aware,us.anthropic.claude-sonnet-4-20250514-v1:0,True,2,0,0,6.5,2195
calendar_summarize_007,state_aware,us.anthropic.claude-sonnet-4-20250514-v1:0,False,6,4,0,5.333333333333333,5794
calendar_invite_008,state_aware,us.anthropic.claude-sonnet-4-20250514-v1:0,True,2,0,0,5.5,2023
calendar_move_009,state_aware,us.anthropic.claude-sonnet-4-20250514-v1:0,True,2,0,0,6.5,2171
calendar_summarize_010,state_aware,us.anthropic.claude-sonnet-4-20250514-v1:0,False,6,4,0,5.333333333333333,5812
calendar_invite_011,state_aware,us.anthropic.claude-sonnet-4-20250514-v1:0,True,2,0,0,5.5,1983
calendar_move_012,state_aware,us.anthropic.claude-sonnet-4-20250514-v1:0,True,2,0,0,6.5,2157
calendar_summarize_013,state_aware,us.anthropic.claude-sonnet-4-20250514-v1:0,False,6,4,0,5.333333333333333,5811
calendar_invite_014,state_aware,us.anthropic.claude-sonnet-4-20250514-v1:0,True,3,2,0,6.0,3148
calendar_move_015,state_aware,us.anthropic.claude-sonnet-4-20250514-v1:0,True,2,0,0,6.5,2167
calendar_summarize_016,state_aware,us.anthropic.claude-sonnet-4-20250514-v1:0,True,4,2,0,5.0,3731
calendar_invite_017,state_aware,us.anthropic.claude-sonnet-4-20250514-v1:0,True,2,0,0,5.5,2022
calendar_move_018,state_aware,us.anthropic.claude-sonnet-4-20250514-v1:0,True,2,0,0,6.5,2179
calendar_summarize_019,state_aware,us.anthropic.claude-sonnet-4-20250514-v1:0,False,6,4,0,5.333333333333333,5831
calendar_invite_020,state_aware,us.anthropic.claude-sonnet-4-20250514-v1:0,False,6,5,0,6.5,6394
calendar_move_021,state_aware,us.anthropic.claude-sonnet-4-20250514-v1:0,True,2,0,0,6.5,2159
calendar_summarize_022,state_aware,us.anthropic.claude-sonnet-4-20250514-v1:0,False,6,4,0,5.333333333333333,5789
calendar_invite_023,state_aware,us.anthropic.claude-sonnet-4-20250514-v1:0,True,3,2,0,6.0,3114
calendar_move_024,state_aware,us.anthropic.claude-sonnet-4-20250514-v1:0,True,2,0,0,6.5,2171
calendar_summarize_025,state_aware,us.anthropic.claude-sonnet-4-20250514-v1:0,False,6,4,0,5.333333333333333,5811
calendar_invite_026,state_aware,us.anthropic.claude-sonnet-4-20250514-v1:0,True,2,0,0,5.5,2022
calendar_move_027,state_aware,us.anthropic.claude-sonnet-4-20250514-v1:0,True,2,0,0,6.5,2166
calendar_summarize_028,state_aware,us.anthropic.claude-sonnet-4-20250514-v1:0,True,3,0,0,4.666666666666667,2704
calendar_invite_029,state_aware,us.anthropic.claude-sonnet-4-20250514-v1:0,True,2,0,0,5.5,1980
calendar_move_030,state_aware,us.anthropic.claude-sonnet-4-20250514-v1:0,True,2,0,0,6.5,2167
calendar_summarize_031,state_aware,us.anthropic.claude-sonnet-4-20250514-v1:0,True,6,4,0,5.333333333333333,5776
calendar_invite_032,state_aware,us.anthropic.claude-sonnet-4-20250514-v1:0,True,2,0,0,5.5,2022
calendar_move_033,state_aware,us.anthropic.claude-sonnet-4-20250514-v1:0,True,2,0,0,6.5,2184
email_draft_000,state_aware,us.anthropic.claude-sonnet-4-20250514-v1:0,False,6,5,0,6.333333333333333,6341
email_summarize_001,state_aware,us.anthropic.claude-sonnet-4-20250514-v1:0,True,3,0,0,6.333333333333333,3112
email_deadline_002,state_aware,us.anthropic.claude-sonnet-4-20250514-v1:0,True,3,0,0,6.333333333333333,3128
email_draft_003,state_aware,us.anthropic.claude-sonnet-4-20250514-v1:0,True,3,0,0,6.666666666666667,3264
email_summarize_004,state_aware,us.anthropic.claude-sonnet-4-20250514-v1:0,True,3,0,0,6.333333333333333,3116
email_deadline_005,state_aware,us.anthropic.claude-sonnet-4-20250514-v1:0,True,3,0,0,6.333333333333333,3148
email_draft_006,state_aware,us.anthropic.claude-sonnet-4-20250514-v1:0,True,3,0,0,6.666666666666667,3279
email_summarize_007,state_aware,us.anthropic.claude-sonnet-4-20250514-v1:0,True,3,0,0,6.333333333333333,3125
email_deadline_008,state_aware,us.anthropic.claude-sonnet-4-20250514-v1:0,True,3,0,0,6.333333333333333,3128
email_draft_009,state_aware,us.anthropic.claude-sonnet-4-20250514-v1:0,True,3,0,0,6.666666666666667,3251
email_summarize_010,state_aware,us.anthropic.claude-sonnet-4-20250514-v1:0,True,3,0,0,6.333333333333333,3147
email_deadline_011,state_aware,us.anthropic.claude-sonnet-4-20250514-v1:0,True,3,0,0,6.333333333333333,3104
email_draft_012,state_aware,us.anthropic.claude-sonnet-4-20250514-v1:0,True,3,0,0,6.666666666666667,3295
email_summarize_013,state_aware,us.anthropic.claude-sonnet-4-20250514-v1:0,True,3,0,0,6.333333333333333,3111
email_deadline_014,state_aware,us.anthropic.claude-sonnet-4-20250514-v1:0,True,3,0,0,6.333333333333333,3111
email_draft_015,state_aware,us.anthropic.claude-sonnet-4-20250514-v1:0,True,3,0,0,6.666666666666667,3278
email_summarize_016,state_aware,us.anthropic.claude-sonnet-4-20250514-v1:0,True,3,0,0,6.333333333333333,3126
email_deadline_017,state_aware,us.anthropic.claude-sonnet-4-20250514-v1:0,True,3,0,0,6.333333333333333,3135
email_draft_018,state_aware,us.anthropic.claude-sonnet-4-20250514-v1:0,True,3,0,0,6.666666666666667,3260
email_summarize_019,state_aware,us.anthropic.claude-sonnet-4-20250514-v1:0,True,3,0,0,6.333333333333333,3116
email_deadline_020,state_aware,us.anthropic.claude-sonnet-4-20250514-v1:0,True,3,0,0,6.333333333333333,3101
email_draft_021,state_aware,us.anthropic.claude-sonnet-4-20250514-v1:0,True,3,0,0,6.666666666666667,3247
email_summarize_022,state_aware,us.anthropic.claude-sonnet-4-20250514-v1:0,True,3,0,0,6.333333333333333,3125
email_deadline_023,state_aware,us.anthropic.claude-sonnet-4-20250514-v1:0,True,3,0,0,6.333333333333333,3103
email_draft_024,state_aware,us.anthropic.claude-sonnet-4-20250514-v1:0,True,3,0,0,6.666666666666667,3280
email_summarize_025,state_aware,us.anthropic.claude-sonnet-4-20250514-v1:0,True,3,0,0,6.333333333333333,3143
email_deadline_026,state_aware,us.anthropic.claude-sonnet-4-20250514-v1:0,True,3,0,0,6.333333333333333,3105
email_draft_027,state_aware,us.anthropic.claude-sonnet-4-20250514-v1:0,True,3,0,0,6.666666666666667,3296
email_summarize_028,state_aware,us.anthropic.claude-sonnet-4-20250514-v1:0,True,3,0,0,6.333333333333333,3106
email_deadline_029,state_aware,us.anthropic.claude-sonnet-4-20250514-v1:0,True,3,0,0,6.333333333333333,3112
email_draft_030,state_aware,us.anthropic.claude-sonnet-4-20250514-v1:0,True,3,0,0,6.666666666666667,3247
email_summarize_031,state_aware,us.anthropic.claude-sonnet-4-20250514-v1:0,True,3,0,0,6.333333333333333,3126
email_deadline_032,state_aware,us.anthropic.claude-sonnet-4-20250514-v1:0,True,3,0,0,6.333333333333333,3135
email_draft_033,state_aware,us.anthropic.claude-sonnet-4-20250514-v1:0,True,3,0,0,6.666666666666667,3262
file_section_000,state_aware,us.anthropic.claude-sonnet-4-20250514-v1:0,True,3,1,0,5.333333333333333,2915
file_summary_001,state_aware,us.anthropic.claude-sonnet-4-20250514-v1:0,False,6,6,0,4.666666666666667,5389
file_extract_002,state_aware,us.anthropic.claude-sonnet-4-20250514-v1:0,True,3,0,0,5.333333333333333,2876
file_section_003,state_aware,us.anthropic.claude-sonnet-4-20250514-v1:0,True,3,0,0,5.333333333333333,2880
file_summary_004,state_aware,us.anthropic.claude-sonnet-4-20250514-v1:0,True,3,1,0,4.666666666666667,2666
file_extract_005,state_aware,us.anthropic.claude-sonnet-4-20250514-v1:0,False,6,6,0,5.166666666666667,5652
file_section_006,state_aware,us.anthropic.claude-sonnet-4-20250514-v1:0,True,3,0,0,5.333333333333333,2898
file_summary_007,state_aware,us.anthropic.claude-sonnet-4-20250514-v1:0,True,3,1,0,4.666666666666667,2667
file_extract_008,state_aware,us.anthropic.claude-sonnet-4-20250514-v1:0,True,3,1,0,5.333333333333333,2910
file_section_009,state_aware,us.anthropic.claude-sonnet-4-20250514-v1:0,True,3,0,0,5.333333333333333,2891
file_summary_010,state_aware,us.anthropic.claude-sonnet-4-20250514-v1:0,True,3,1,0,4.666666666666667,2681
file_extract_011,state_aware,us.anthropic.claude-sonnet-4-20250514-v1:0,True,3,0,0,5.333333333333333,2903
file_section_012,state_aware,us.anthropic.claude-sonnet-4-20250514-v1:0,True,3,0,0,5.333333333333333,2882
file_summary_013,state_aware,us.anthropic.claude-sonnet-4-20250514-v1:0,True,3,1,0,4.666666666666667,2646
file_extract_014,state_aware,us.anthropic.claude-sonnet-4-20250514-v1:0,False,6,4,0,6.666666666666667,6508
file_section_015,state_aware,us.anthropic.claude-sonnet-4-20250514-v1:0,True,3,1,0,5.333333333333333,2906
file_summary_016,state_aware,us.anthropic.claude-sonnet-4-20250514-v1:0,True,3,1,0,4.666666666666667,2685
file_extract_017,state_aware,us.anthropic.claude-sonnet-4-20250514-v1:0,True,3,0,0,5.333333333333333,2891
file_section_018,state_aware,us.anthropic.claude-sonnet-4-20250514-v1:0,True,3,0,0,5.333333333333333,2883
file_summary_019,state_aware,us.anthropic.claude-sonnet-4-20250514-v1:0,True,3,1,0,4.666666666666667,2665
file_extract_020,state_aware,us.anthropic.claude-sonnet-4-20250514-v1:0,False,6,5,0,6.666666666666667,6508
file_section_021,state_aware,us.anthropic.claude-sonnet-4-20250514-v1:0,True,3,0,0,5.333333333333333,2896
file_summary_022,state_aware,us.anthropic.claude-sonnet-4-20250514-v1:0,True,3,1,0,4.666666666666667,2682
file_extract_023,state_aware,us.anthropic.claude-sonnet-4-20250514-v1:0,True,3,1,0,5.333333333333333,2908
file_section_024,state_aware,us.anthropic.claude-sonnet-4-20250514-v1:0,True,3,0,0,5.333333333333333,2892
file_summary_025,state_aware,us.anthropic.claude-sonnet-4-20250514-v1:0,True,4,3,0,5.0,3692
file_extract_026,state_aware,us.anthropic.claude-sonnet-4-20250514-v1:0,True,3,0,0,5.333333333333333,2901
file_section_027,state_aware,us.anthropic.claude-sonnet-4-20250514-v1:0,True,3,0,0,5.333333333333333,2900
file_summary_028,state_aware,us.anthropic.claude-sonnet-4-20250514-v1:0,True,3,1,0,4.666666666666667,2670
file_extract_029,state_aware,us.anthropic.claude-sonnet-4-20250514-v1:0,False,6,4,0,6.666666666666667,6529
file_section_030,state_aware,us.anthropic.claude-sonnet-4-20250514-v1:0,True,3,1,0,5.333333333333333,2911
file_summary_031,state_aware,us.anthropic.claude-sonnet-4-20250514-v1:0,True,3,1,0,4.666666666666667,2680
file_extract_032,state_aware,us.anthropic.claude-sonnet-4-20250514-v1:0,True,3,1,0,5.333333333333333,2877
file_section_033,state_aware,us.anthropic.claude-sonnet-4-20250514-v1:0,True,3,0,0,5.333333333333333,2880
calendar_move_000,full_causal_path,us.anthropic.claude-sonnet-4-20250514-v1:0,True,2,0,0,1.5,1446
calendar_summarize_001,full_causal_path,us.anthropic.claude-sonnet-4-20250514-v1:0,True,3,0,0,2.0,2178
calendar_invite_002,full_causal_path,us.anthropic.claude-sonnet-4-20250514-v1:0,True,2,0,0,1.5,1455
calendar_move_003,full_causal_path,us.anthropic.claude-sonnet-4-20250514-v1:0,True,2,0,0,1.5,1459
calendar_summarize_004,full_causal_path,us.anthropic.claude-sonnet-4-20250514-v1:0,True,3,0,0,2.0,2184
calendar_invite_005,full_causal_path,us.anthropic.claude-sonnet-4-20250514-v1:0,True,2,0,0,1.5,1452
calendar_move_006,full_causal_path,us.anthropic.claude-sonnet-4-20250514-v1:0,True,2,0,0,1.5,1445
calendar_summarize_007,full_causal_path,us.anthropic.claude-sonnet-4-20250514-v1:0,True,3,0,0,2.0,2178
calendar_invite_008,full_causal_path,us.anthropic.claude-sonnet-4-20250514-v1:0,True,2,0,0,1.5,1454
calendar_move_009,full_causal_path,us.anthropic.claude-sonnet-4-20250514-v1:0,True,2,0,0,1.5,1442
calendar_summarize_010,full_causal_path,us.anthropic.claude-sonnet-4-20250514-v1:0,True,3,0,0,2.0,2174
calendar_invite_011,full_causal_path,us.anthropic.claude-sonnet-4-20250514-v1:0,True,2,0,0,1.5,1454
calendar_move_012,full_causal_path,us.anthropic.claude-sonnet-4-20250514-v1:0,True,2,0,0,1.5,1433
calendar_summarize_013,full_causal_path,us.anthropic.claude-sonnet-4-20250514-v1:0,True,3,0,0,2.0,2178
calendar_invite_014,full_causal_path,us.anthropic.claude-sonnet-4-20250514-v1:0,True,2,0,0,1.5,1455
calendar_move_015,full_causal_path,us.anthropic.claude-sonnet-4-20250514-v1:0,True,2,0,0,1.5,1457
calendar_summarize_016,full_causal_path,us.anthropic.claude-sonnet-4-20250514-v1:0,True,3,0,0,2.0,2180
calendar_invite_017,full_causal_path,us.anthropic.claude-sonnet-4-20250514-v1:0,True,2,0,0,1.5,1455
calendar_move_018,full_causal_path,us.anthropic.claude-sonnet-4-20250514-v1:0,True,2,0,0,1.5,1463
calendar_summarize_019,full_causal_path,us.anthropic.claude-sonnet-4-20250514-v1:0,True,3,0,0,2.0,2178
calendar_invite_020,full_causal_path,us.anthropic.claude-sonnet-4-20250514-v1:0,True,2,0,0,1.5,1452
calendar_move_021,full_causal_path,us.anthropic.claude-sonnet-4-20250514-v1:0,True,2,0,0,1.5,1449
calendar_summarize_022,full_causal_path,us.anthropic.claude-sonnet-4-20250514-v1:0,True,3,0,0,2.0,2174
calendar_invite_023,full_causal_path,us.anthropic.claude-sonnet-4-20250514-v1:0,True,2,0,0,1.5,1454
calendar_move_024,full_causal_path,us.anthropic.claude-sonnet-4-20250514-v1:0,True,2,0,0,1.5,1442
calendar_summarize_025,full_causal_path,us.anthropic.claude-sonnet-4-20250514-v1:0,True,3,0,0,2.0,2180
calendar_invite_026,full_causal_path,us.anthropic.claude-sonnet-4-20250514-v1:0,True,2,0,0,1.5,1454
calendar_move_027,full_causal_path,us.anthropic.claude-sonnet-4-20250514-v1:0,True,2,0,0,1.5,1433
calendar_summarize_028,full_causal_path,us.anthropic.claude-sonnet-4-20250514-v1:0,True,3,0,0,2.0,2174
calendar_invite_029,full_causal_path,us.anthropic.claude-sonnet-4-20250514-v1:0,True,2,0,0,1.5,1457
calendar_move_030,full_causal_path,us.anthropic.claude-sonnet-4-20250514-v1:0,True,2,0,0,1.5,1457
calendar_summarize_031,full_causal_path,us.anthropic.claude-sonnet-4-20250514-v1:0,True,3,0,0,2.0,2178
calendar_invite_032,full_causal_path,us.anthropic.claude-sonnet-4-20250514-v1:0,True,2,0,0,1.5,1455
calendar_move_033,full_causal_path,us.anthropic.claude-sonnet-4-20250514-v1:0,True,2,0,0,1.5,1463
email_draft_000,full_causal_path,us.anthropic.claude-sonnet-4-20250514-v1:0,True,3,0,0,2.0,2249
email_summarize_001,full_causal_path,us.anthropic.claude-sonnet-4-20250514-v1:0,True,3,0,0,2.0,2169
email_deadline_002,full_causal_path,us.anthropic.claude-sonnet-4-20250514-v1:0,True,3,0,0,2.0,2201
email_draft_003,full_causal_path,us.anthropic.claude-sonnet-4-20250514-v1:0,True,3,0,0,2.0,2296
email_summarize_004,full_causal_path,us.anthropic.claude-sonnet-4-20250514-v1:0,True,3,0,0,2.0,2164
email_deadline_005,full_causal_path,us.anthropic.claude-sonnet-4-20250514-v1:0,True,3,0,0,2.0,2161
email_draft_006,full_causal_path,us.anthropic.claude-sonnet-4-20250514-v1:0,True,3,0,0,2.0,2248
email_summarize_007,full_causal_path,us.anthropic.claude-sonnet-4-20250514-v1:0,True,3,0,0,2.0,2190
email_deadline_008,full_causal_path,us.anthropic.claude-sonnet-4-20250514-v1:0,True,3,0,0,2.0,2171
email_draft_009,full_causal_path,us.anthropic.claude-sonnet-4-20250514-v1:0,True,3,0,0,2.0,2249
email_summarize_010,full_causal_path,us.anthropic.claude-sonnet-4-20250514-v1:0,True,3,0,0,2.0,2149
email_deadline_011,full_causal_path,us.anthropic.claude-sonnet-4-20250514-v1:0,True,3,0,0,2.0,2167
email_draft_012,full_causal_path,us.anthropic.claude-sonnet-4-20250514-v1:0,True,3,0,0,2.0,2288
email_summarize_013,full_causal_path,us.anthropic.claude-sonnet-4-20250514-v1:0,True,3,0,0,2.0,2164
email_deadline_014,full_causal_path,us.anthropic.claude-sonnet-4-20250514-v1:0,True,3,0,0,2.0,2158
email_draft_015,full_causal_path,us.anthropic.claude-sonnet-4-20250514-v1:0,True,3,0,0,2.0,2248
email_summarize_016,full_causal_path,us.anthropic.claude-sonnet-4-20250514-v1:0,True,3,0,0,2.0,2146
email_deadline_017,full_causal_path,us.anthropic.claude-sonnet-4-20250514-v1:0,True,3,0,0,2.0,2199
email_draft_018,full_causal_path,us.anthropic.claude-sonnet-4-20250514-v1:0,True,3,0,0,2.0,2263
email_summarize_019,full_causal_path,us.anthropic.claude-sonnet-4-20250514-v1:0,True,3,0,0,2.0,2151
email_deadline_020,full_causal_path,us.anthropic.claude-sonnet-4-20250514-v1:0,True,3,0,0,2.0,2164
email_draft_021,full_causal_path,us.anthropic.claude-sonnet-4-20250514-v1:0,True,3,0,0,2.0,2248
email_summarize_022,full_causal_path,us.anthropic.claude-sonnet-4-20250514-v1:0,True,3,0,0,2.0,2190
email_deadline_023,full_causal_path,us.anthropic.claude-sonnet-4-20250514-v1:0,True,3,0,0,2.0,2171
email_draft_024,full_causal_path,us.anthropic.claude-sonnet-4-20250514-v1:0,True,3,0,0,2.0,2249
email_summarize_025,full_causal_path,us.anthropic.claude-sonnet-4-20250514-v1:0,True,3,0,0,2.0,2153
email_deadline_026,full_causal_path,us.anthropic.claude-sonnet-4-20250514-v1:0,True,3,0,0,2.0,2167
email_draft_027,full_causal_path,us.anthropic.claude-sonnet-4-20250514-v1:0,True,3,0,0,2.0,2288
email_summarize_028,full_causal_path,us.anthropic.claude-sonnet-4-20250514-v1:0,True,3,0,0,2.0,2164
email_deadline_029,full_causal_path,us.anthropic.claude-sonnet-4-20250514-v1:0,True,3,0,0,2.0,2158
email_draft_030,full_causal_path,us.anthropic.claude-sonnet-4-20250514-v1:0,True,3,0,0,2.0,2249
email_summarize_031,full_causal_path,us.anthropic.claude-sonnet-4-20250514-v1:0,True,3,0,0,2.0,2151
email_deadline_032,full_causal_path,us.anthropic.claude-sonnet-4-20250514-v1:0,True,3,0,0,2.0,2199
email_draft_033,full_causal_path,us.anthropic.claude-sonnet-4-20250514-v1:0,True,3,0,0,2.0,2263
file_section_000,full_causal_path,us.anthropic.claude-sonnet-4-20250514-v1:0,True,3,0,0,2.0,2210
file_summary_001,full_causal_path,us.anthropic.claude-sonnet-4-20250514-v1:0,True,3,0,0,2.0,2128
file_extract_002,full_causal_path,us.anthropic.claude-sonnet-4-20250514-v1:0,True,3,0,0,2.0,2175
file_section_003,full_causal_path,us.anthropic.claude-sonnet-4-20250514-v1:0,True,3,0,0,2.0,2204
file_summary_004,full_causal_path,us.anthropic.claude-sonnet-4-20250514-v1:0,True,3,0,0,2.0,2124
file_extract_005,full_causal_path,us.anthropic.claude-sonnet-4-20250514-v1:0,True,3,0,0,2.0,2189
file_section_006,full_causal_path,us.anthropic.claude-sonnet-4-20250514-v1:0,True,3,0,0,2.0,2208
file_summary_007,full_causal_path,us.anthropic.claude-sonnet-4-20250514-v1:0,True,3,0,0,2.0,2091
file_extract_008,full_causal_path,us.anthropic.claude-sonnet-4-20250514-v1:0,True,3,0,0,2.0,2181
file_section_009,full_causal_path,us.anthropic.claude-sonnet-4-20250514-v1:0,True,3,0,0,2.0,2193
file_summary_010,full_causal_path,us.anthropic.claude-sonnet-4-20250514-v1:0,True,3,0,0,2.0,2133
file_extract_011,full_causal_path,us.anthropic.claude-sonnet-4-20250514-v1:0,True,3,0,0,2.0,2189
file_section_012,full_causal_path,us.anthropic.claude-sonnet-4-20250514-v1:0,True,3,0,0,2.0,2193
file_summary_013,full_causal_path,us.anthropic.claude-sonnet-4-20250514-v1:0,True,3,0,0,2.0,2121
file_extract_014,full_causal_path,us.anthropic.claude-sonnet-4-20250514-v1:0,True,3,0,0,2.0,2175
file_section_015,full_causal_path,us.anthropic.claude-sonnet-4-20250514-v1:0,True,3,0,0,2.0,2210
file_summary_016,full_causal_path,us.anthropic.claude-sonnet-4-20250514-v1:0,True,3,0,0,2.0,2126
file_extract_017,full_causal_path,us.anthropic.claude-sonnet-4-20250514-v1:0,True,3,0,0,2.0,2175
file_section_018,full_causal_path,us.anthropic.claude-sonnet-4-20250514-v1:0,True,3,0,0,2.0,2195
file_summary_019,full_causal_path,us.anthropic.claude-sonnet-4-20250514-v1:0,True,3,0,0,2.0,2120
file_extract_020,full_causal_path,us.anthropic.claude-sonnet-4-20250514-v1:0,True,3,0,0,2.0,2195
file_section_021,full_causal_path,us.anthropic.claude-sonnet-4-20250514-v1:0,True,3,0,0,2.0,2206
file_summary_022,full_causal_path,us.anthropic.claude-sonnet-4-20250514-v1:0,True,3,0,0,2.0,2094
file_extract_023,full_causal_path,us.anthropic.claude-sonnet-4-20250514-v1:0,True,3,0,0,2.0,2181
file_section_024,full_causal_path,us.anthropic.claude-sonnet-4-20250514-v1:0,True,3,0,0,2.0,2190
file_summary_025,full_causal_path,us.anthropic.claude-sonnet-4-20250514-v1:0,True,3,0,0,2.0,2133
file_extract_026,full_causal_path,us.anthropic.claude-sonnet-4-20250514-v1:0,True,3,0,0,2.0,2179
file_section_027,full_causal_path,us.anthropic.claude-sonnet-4-20250514-v1:0,True,3,0,0,2.0,2195
file_summary_028,full_causal_path,us.anthropic.claude-sonnet-4-20250514-v1:0,True,3,0,0,2.0,2121
file_extract_029,full_causal_path,us.anthropic.claude-sonnet-4-20250514-v1:0,True,3,0,0,2.0,2182
file_section_030,full_causal_path,us.anthropic.claude-sonnet-4-20250514-v1:0,True,3,0,0,2.0,2210
file_summary_031,full_causal_path,us.anthropic.claude-sonnet-4-20250514-v1:0,True,3,0,0,2.0,2126
file_extract_032,full_causal_path,us.anthropic.claude-sonnet-4-20250514-v1:0,True,3,0,0,2.0,2182
file_section_033,full_causal_path,us.anthropic.claude-sonnet-4-20250514-v1:0,True,3,0,0,2.0,2195
calendar_move_000,cmtf,us.anthropic.claude-sonnet-4-20250514-v1:0,True,2,0,0,1.0,1353
calendar_summarize_001,cmtf,us.anthropic.claude-sonnet-4-20250514-v1:0,True,3,0,0,1.0,1958
calendar_invite_002,cmtf,us.anthropic.claude-sonnet-4-20250514-v1:0,True,2,0,0,1.0,1363
calendar_move_003,cmtf,us.anthropic.claude-sonnet-4-20250514-v1:0,True,2,0,0,1.0,1363
calendar_summarize_004,cmtf,us.anthropic.claude-sonnet-4-20250514-v1:0,True,3,0,0,1.0,1951
calendar_invite_005,cmtf,us.anthropic.claude-sonnet-4-20250514-v1:0,True,2,0,0,1.0,1364
calendar_move_006,cmtf,us.anthropic.claude-sonnet-4-20250514-v1:0,True,2,0,0,1.0,1345
calendar_summarize_007,cmtf,us.anthropic.claude-sonnet-4-20250514-v1:0,True,3,0,0,1.0,1952
calendar_invite_008,cmtf,us.anthropic.claude-sonnet-4-20250514-v1:0,True,2,0,0,1.0,1366
calendar_move_009,cmtf,us.anthropic.claude-sonnet-4-20250514-v1:0,True,2,0,0,1.0,1355
calendar_summarize_010,cmtf,us.anthropic.claude-sonnet-4-20250514-v1:0,True,3,0,0,1.0,1958
calendar_invite_011,cmtf,us.anthropic.claude-sonnet-4-20250514-v1:0,True,2,0,0,1.0,1364
calendar_move_012,cmtf,us.anthropic.claude-sonnet-4-20250514-v1:0,True,2,0,0,1.0,1346
calendar_summarize_013,cmtf,us.anthropic.claude-sonnet-4-20250514-v1:0,True,3,0,0,1.0,1956
calendar_invite_014,cmtf,us.anthropic.claude-sonnet-4-20250514-v1:0,True,2,0,0,1.0,1363
calendar_move_015,cmtf,us.anthropic.claude-sonnet-4-20250514-v1:0,True,2,0,0,1.0,1356
calendar_summarize_016,cmtf,us.anthropic.claude-sonnet-4-20250514-v1:0,True,3,0,0,1.0,1956
calendar_invite_017,cmtf,us.anthropic.claude-sonnet-4-20250514-v1:0,True,2,0,0,1.0,1365
calendar_move_018,cmtf,us.anthropic.claude-sonnet-4-20250514-v1:0,True,2,0,0,1.0,1367
calendar_summarize_019,cmtf,us.anthropic.claude-sonnet-4-20250514-v1:0,True,3,0,0,1.0,1956
calendar_invite_020,cmtf,us.anthropic.claude-sonnet-4-20250514-v1:0,True,2,0,0,1.0,1364
calendar_move_021,cmtf,us.anthropic.claude-sonnet-4-20250514-v1:0,True,2,0,0,1.0,1349
calendar_summarize_022,cmtf,us.anthropic.claude-sonnet-4-20250514-v1:0,True,3,0,0,1.0,1958
calendar_invite_023,cmtf,us.anthropic.claude-sonnet-4-20250514-v1:0,True,2,0,0,1.0,1364
calendar_move_024,cmtf,us.anthropic.claude-sonnet-4-20250514-v1:0,True,2,0,0,1.0,1365
calendar_summarize_025,cmtf,us.anthropic.claude-sonnet-4-20250514-v1:0,True,3,0,0,1.0,1952
calendar_invite_026,cmtf,us.anthropic.claude-sonnet-4-20250514-v1:0,True,2,0,0,1.0,1364
calendar_move_027,cmtf,us.anthropic.claude-sonnet-4-20250514-v1:0,True,2,0,0,1.0,1344
calendar_summarize_028,cmtf,us.anthropic.claude-sonnet-4-20250514-v1:0,True,3,0,0,1.0,1952
calendar_invite_029,cmtf,us.anthropic.claude-sonnet-4-20250514-v1:0,True,2,0,0,1.0,1364
calendar_move_030,cmtf,us.anthropic.claude-sonnet-4-20250514-v1:0,True,2,0,0,1.0,1356
calendar_summarize_031,cmtf,us.anthropic.claude-sonnet-4-20250514-v1:0,True,3,0,0,1.0,1956
calendar_invite_032,cmtf,us.anthropic.claude-sonnet-4-20250514-v1:0,True,2,0,0,1.0,1366
calendar_move_033,cmtf,us.anthropic.claude-sonnet-4-20250514-v1:0,True,2,0,0,1.0,1367
email_draft_000,cmtf,us.anthropic.claude-sonnet-4-20250514-v1:0,True,3,0,0,1.0,2016
email_summarize_001,cmtf,us.anthropic.claude-sonnet-4-20250514-v1:0,True,3,0,0,1.0,1940
email_deadline_002,cmtf,us.anthropic.claude-sonnet-4-20250514-v1:0,True,3,0,0,1.0,1970
email_draft_003,cmtf,us.anthropic.claude-sonnet-4-20250514-v1:0,True,3,0,0,1.0,2029
email_summarize_004,cmtf,us.anthropic.claude-sonnet-4-20250514-v1:0,True,3,0,0,1.0,1937
email_deadline_005,cmtf,us.anthropic.claude-sonnet-4-20250514-v1:0,True,3,0,0,1.0,1936
email_draft_006,cmtf,us.anthropic.claude-sonnet-4-20250514-v1:0,True,3,0,0,1.0,2015
email_summarize_007,cmtf,us.anthropic.claude-sonnet-4-20250514-v1:0,True,3,0,0,1.0,1967
email_deadline_008,cmtf,us.anthropic.claude-sonnet-4-20250514-v1:0,True,3,0,0,1.0,1942
email_draft_009,cmtf,us.anthropic.claude-sonnet-4-20250514-v1:0,True,3,0,0,1.0,2059
email_summarize_010,cmtf,us.anthropic.claude-sonnet-4-20250514-v1:0,True,3,0,0,1.0,1932
email_deadline_011,cmtf,us.anthropic.claude-sonnet-4-20250514-v1:0,True,3,0,0,1.0,1954
email_draft_012,cmtf,us.anthropic.claude-sonnet-4-20250514-v1:0,True,3,0,0,1.0,2057
email_summarize_013,cmtf,us.anthropic.claude-sonnet-4-20250514-v1:0,True,3,0,0,1.0,1947
email_deadline_014,cmtf,us.anthropic.claude-sonnet-4-20250514-v1:0,True,3,0,0,1.0,1933
email_draft_015,cmtf,us.anthropic.claude-sonnet-4-20250514-v1:0,True,3,0,0,1.0,2015
email_summarize_016,cmtf,us.anthropic.claude-sonnet-4-20250514-v1:0,True,3,0,0,1.0,1932
email_deadline_017,cmtf,us.anthropic.claude-sonnet-4-20250514-v1:0,True,3,0,0,1.0,1970
email_draft_018,cmtf,us.anthropic.claude-sonnet-4-20250514-v1:0,True,3,0,0,1.0,2046
email_summarize_019,cmtf,us.anthropic.claude-sonnet-4-20250514-v1:0,True,3,0,0,1.0,1950
email_deadline_020,cmtf,us.anthropic.claude-sonnet-4-20250514-v1:0,True,3,0,0,1.0,1933
email_draft_021,cmtf,us.anthropic.claude-sonnet-4-20250514-v1:0,True,3,0,0,1.0,2015
email_summarize_022,cmtf,us.anthropic.claude-sonnet-4-20250514-v1:0,True,3,0,0,1.0,1967
email_deadline_023,cmtf,us.anthropic.claude-sonnet-4-20250514-v1:0,True,3,0,0,1.0,1942
email_draft_024,cmtf,us.anthropic.claude-sonnet-4-20250514-v1:0,True,3,0,0,1.0,2016
email_summarize_025,cmtf,us.anthropic.claude-sonnet-4-20250514-v1:0,True,3,0,0,1.0,1932
email_deadline_026,cmtf,us.anthropic.claude-sonnet-4-20250514-v1:0,True,3,0,0,1.0,1947
email_draft_027,cmtf,us.anthropic.claude-sonnet-4-20250514-v1:0,True,3,0,0,1.0,2057
email_summarize_028,cmtf,us.anthropic.claude-sonnet-4-20250514-v1:0,True,3,0,0,1.0,1943
email_deadline_029,cmtf,us.anthropic.claude-sonnet-4-20250514-v1:0,True,3,0,0,1.0,1943
email_draft_030,cmtf,us.anthropic.claude-sonnet-4-20250514-v1:0,True,3,0,0,1.0,2015
email_summarize_031,cmtf,us.anthropic.claude-sonnet-4-20250514-v1:0,True,3,0,0,1.0,1932
email_deadline_032,cmtf,us.anthropic.claude-sonnet-4-20250514-v1:0,True,3,0,0,1.0,1970
email_draft_033,cmtf,us.anthropic.claude-sonnet-4-20250514-v1:0,True,3,0,0,1.0,2019
file_section_000,cmtf,us.anthropic.claude-sonnet-4-20250514-v1:0,True,3,0,0,1.0,1957
file_summary_001,cmtf,us.anthropic.claude-sonnet-4-20250514-v1:0,True,3,0,0,1.0,1896
file_extract_002,cmtf,us.anthropic.claude-sonnet-4-20250514-v1:0,True,3,0,0,1.0,1942
file_section_003,cmtf,us.anthropic.claude-sonnet-4-20250514-v1:0,True,3,0,0,1.0,1952
file_summary_004,cmtf,us.anthropic.claude-sonnet-4-20250514-v1:0,True,3,0,0,1.0,1885
file_extract_005,cmtf,us.anthropic.claude-sonnet-4-20250514-v1:0,True,3,0,0,1.0,1954
file_section_006,cmtf,us.anthropic.claude-sonnet-4-20250514-v1:0,True,3,0,0,1.0,1959
file_summary_007,cmtf,us.anthropic.claude-sonnet-4-20250514-v1:0,True,3,0,0,1.0,1884
file_extract_008,cmtf,us.anthropic.claude-sonnet-4-20250514-v1:0,True,3,0,0,1.0,1933
file_section_009,cmtf,us.anthropic.claude-sonnet-4-20250514-v1:0,True,3,0,0,1.0,1940
file_summary_010,cmtf,us.anthropic.claude-sonnet-4-20250514-v1:0,True,3,0,0,1.0,1896
file_extract_011,cmtf,us.anthropic.claude-sonnet-4-20250514-v1:0,True,3,0,0,1.0,1937
file_section_012,cmtf,us.anthropic.claude-sonnet-4-20250514-v1:0,True,3,0,0,1.0,1946
file_summary_013,cmtf,us.anthropic.claude-sonnet-4-20250514-v1:0,True,3,0,0,1.0,1884
file_extract_014,cmtf,us.anthropic.claude-sonnet-4-20250514-v1:0,True,3,0,0,1.0,1927
file_section_015,cmtf,us.anthropic.claude-sonnet-4-20250514-v1:0,True,3,0,0,1.0,1960
file_summary_016,cmtf,us.anthropic.claude-sonnet-4-20250514-v1:0,True,3,0,0,1.0,1896
file_extract_017,cmtf,us.anthropic.claude-sonnet-4-20250514-v1:0,True,3,0,0,1.0,1942
file_section_018,cmtf,us.anthropic.claude-sonnet-4-20250514-v1:0,True,3,0,0,1.0,1953
file_summary_019,cmtf,us.anthropic.claude-sonnet-4-20250514-v1:0,True,3,0,0,1.0,1885
file_extract_020,cmtf,us.anthropic.claude-sonnet-4-20250514-v1:0,True,3,0,0,1.0,1954
file_section_021,cmtf,us.anthropic.claude-sonnet-4-20250514-v1:0,True,3,0,0,1.0,1958
file_summary_022,cmtf,us.anthropic.claude-sonnet-4-20250514-v1:0,True,3,0,0,1.0,1884
file_extract_023,cmtf,us.anthropic.claude-sonnet-4-20250514-v1:0,True,3,0,0,1.0,1929
file_section_024,cmtf,us.anthropic.claude-sonnet-4-20250514-v1:0,True,3,0,0,1.0,1940
file_summary_025,cmtf,us.anthropic.claude-sonnet-4-20250514-v1:0,True,3,0,0,1.0,1896
file_extract_026,cmtf,us.anthropic.claude-sonnet-4-20250514-v1:0,True,3,0,0,1.0,1937
file_section_027,cmtf,us.anthropic.claude-sonnet-4-20250514-v1:0,True,3,0,0,1.0,1946
file_summary_028,cmtf,us.anthropic.claude-sonnet-4-20250514-v1:0,True,3,0,0,1.0,1884
file_extract_029,cmtf,us.anthropic.claude-sonnet-4-20250514-v1:0,True,3,0,0,1.0,1927
file_section_030,cmtf,us.anthropic.claude-sonnet-4-20250514-v1:0,True,3,0,0,1.0,1960
file_summary_031,cmtf,us.anthropic.claude-sonnet-4-20250514-v1:0,True,3,0,0,1.0,1896
file_extract_032,cmtf,us.anthropic.claude-sonnet-4-20250514-v1:0,True,3,0,0,1.0,1942
file_section_033,cmtf,us.anthropic.claude-sonnet-4-20250514-v1:0,True,3,0,0,1.0,1954
